ID,nDissSteps,pKa,pKa_1,pKa_2,pKaType,pKaType_1,pKaType_2,ChargeA,ChargeA_1,ChargeA_2,ChargeA_3,ChargeB,ChargeB_1,ChargeB_2,ChargeB_3,pKaserror,pKaserror_1,pKaserror_2
1,3,2.53,3.61,16,1,-1,0,0,0,-1,-1,1,0,0,0,0.1,0.1,0.1
2,3,2.11,4.94,16,1,-1,0,0,0,-1,-1,1,0,0,0,0.1,0.1,0.1
3,3,0.52,15,16,1,0,0,0,0,0,0,1,0,0,0,0.7,0.1,0.1
4,3,14,15,16,0,0,0,0,0,0,0,0,0,0,0,0.1,0.1,0.1
5,3,14,15,16,0,0,0,0,0,0,0,0,0,0,0,0.1,0.1,0.1
6,3,0.78,15,16,1,0,0,0,0,0,0,1,0,0,0,0.2,0.1,0.1
7,3,14,15,16,0,0,0,0,0,0,0,1,1,1,1,0.1,0.1,0.1
8,3,14,15,16,0,0,0,0,0,0,0,0,0,0,0,0.1,0.1,0.1
9,3,14,15,16,0,0,0,0,0,0,0,0,0,0,0,0.1,0.1,0.1
10,3,14,15,16,0,0,0,0,0,0,0,0,0,0,0,0.1,0.1,0.1
11,3,14,15,16,0,0,0,0,0,0,0,0,0,0,0,0.1,0.1,0.1
12,3,14,15,16,0,0,0,0,0,0,0,0,0,0,0,0.1,0.1,0.1
13,3,14,15,16,0,0,0,0,0,0,0,0,0,0,0,0.1,0.1,0.1
14,3,14,15,16,0,0,0,0,0,0,0,0,0,0,0,0.1,0.1,0.1
15,3,0.23,15,16,1,0,0,0,0,0,0,2,1,1,1,0.2,0.1,0.1
16,3,14,15,16,0,0,0,0,0,0,0,0,0,0,0,0.1,0.1,0.1
17,3,4.65,15,16,-1,0,0,0,-1,-1,-1,0,0,0,0,0.1,0.1,0.1
18,3,14,15,16,0,0,0,0,0,0,0,0,0,0,0,0.1,0.1,0.1
19,3,4.3,15,16,-1,0,0,0,-1,-1,-1,0,0,0,0,0.1,0.1,0.1
20,3,14,15,16,0,0,0,0,0,0,0,0,0,0,0,0.1,0.1,0.1
21,3,4.78,15,16,-1,0,0,0,-1,-1,-1,0,0,0,0,0.1,0.1,0.1
22,3,3.26,15,16,-1,0,0,0,-1,-1,-1,0,0,0,0,0.1,0.1,0.1
23,3,3.3,15,16,-1,0,0,0,-1,-1,-1,0,0,0,0,0.1,0.1,0.1
24,3,3.32,15,16,-1,0,0,0,-1,-1,-1,0,0,0,0,0.1,0.1,0.1
25,3,1.67,15,16,-1,0,0,0,-1,-1,-1,0,0,0,0,0.1,0.1,0.1
26,3,1.87,15,16,-1,0,0,0,-1,-1,-1,0,0,0,0,0.1,0.1,0.1
27,3,1.87,15,16,-1,0,0,0,-1,-1,-1,0,0,0,0,0.1,0.1,0.1
28,3,3.12,15,16,-1,0,0,0,-1,-1,-1,0,0,0,0,0.1,0.1,0.1
29,3,2.76,4.7,16,-1,-1,0,0,-1,-2,-2,0,0,0,0,0.1,0.19,0.1
30,3,3.13,15,16,-1,0,0,0,-1,-1,-1,0,0,0,0,0.1,0.1,0.1
31,3,0.4,15,16,1,0,0,0,0,0,0,1,0,0,0,0.2,0.1,0.1
32,3,0.87,15,16,1,0,0,0,0,0,0,1,0,0,0,0.2,0.1,0.1
33,3,2.38,15,16,-1,0,0,0,-1,-1,-1,1,1,1,1,0.3,0.1,0.1
34,3,14,15,16,0,0,0,0,0,0,0,0,0,0,0,0.1,0.1,0.1
35,3,14,15,16,0,0,0,0,0,0,0,0,0,0,0,0.1,0.1,0.1
36,3,14,15,16,0,0,0,0,0,0,0,0,0,0,0,0.1,0.1,0.1
37,3,14,15,16,0,0,0,0,0,0,0,0,0,0,0,0.1,0.1,0.1
38,3,4.94,15,16,1,0,0,0,0,0,0,1,0,0,0,0.1,0.1,0.1
39,3,14,15,16,0,0,0,0,0,0,0,0,0,0,0,0.1,0.1,0.1
40,3,14,15,16,0,0,0,0,0,0,0,0,0,0,0,0.1,0.1,0.1
41,3,14,15,16,0,0,0,0,0,0,0,0,0,0,0,0.1,0.1,0.1
42,3,3.49,15,16,1,0,0,0,0,0,0,1,0,0,0,0.1,0.1,0.1
43,3,14,15,16,0,0,0,0,0,0,0,0,0,0,0,0.1,0.1,0.1
44,3,14,15,16,0,0,0,0,0,0,0,0,0,0,0,0.1,0.1,0.1
45,3,14,15,16,0,0,0,0,0,0,0,0,0,0,0,0.1,0.1,0.1
46,3,1.17,15,16,1,0,0,0,0,0,0,1,0,0,0,0.1,0.1,0.1
47,3,1.26,15,16,1,0,0,0,0,0,0,1,0,0,0,0.1,0.1,0.1
48,3,2.61,15,16,-1,0,0,0,-1,-1,-1,0,0,0,0,0.54,0.1,0.1
49,3,3.9,15,16,-1,0,0,0,-1,-1,-1,0,0,0,0,0.1,0.1,0.1
50,3,14,15,16,0,0,0,0,0,0,0,0,0,0,0,0.1,0.1,0.1
51,3,14,15,16,0,0,0,0,0,0,0,0,0,0,0,0.1,0.1,0.1
52,3,3.9,15,16,-1,0,0,0,-1,-1,-1,0,0,0,0,0.1,0.1,0.1
53,3,4.4,15,16,-1,0,0,0,-1,-1,-1,0,0,0,0,0.3,0.1,0.1
54,3,14,15,16,0,0,0,0,0,0,0,0,0,0,0,0.1,0.1,0.1
55,3,4.54,15,16,-1,0,0,0,-1,-1,-1,0,0,0,0,0.3,0.1,0.1
56,3,4.22,15,16,-1,0,0,0,-1,-1,-1,0,0,0,0,0.3,0.1,0.1
57,3,3.35,15,16,1,0,0,0,0,0,0,1,0,0,0,0.1,0.1,0.1
58,3,4.49,15,16,-1,0,0,0,-1,-1,-1,0,0,0,0,0.3,0.1,0.1
59,3,3.15,15,16,-1,0,0,0,-1,-1,-1,1,1,1,1,0.1,0.1,0.1
60,3,3.68,15,16,-1,0,0,0,-1,-1,-1,0,0,0,0,0.1,0.1,0.1
61,3,3.49,15,16,-1,0,0,0,-1,-1,-1,0,0,0,0,0.1,0.1,0.1
62,3,3.26,15,16,-1,0,0,0,-1,-1,-1,0,0,0,0,0.1,0.1,0.1
63,3,3.5,15,16,-1,0,0,0,-1,-1,-1,0,0,0,0,0.1,0.1,0.1
64,3,3.64,15,16,-1,0,0,0,-1,-1,-1,0,0,0,0,0.1,0.1,0.1
65,3,3.14,15,16,-1,0,0,0,-1,-1,-1,0,0,0,0,0.1,0.1,0.1
66,3,3.69,15,16,-1,0,0,0,-1,-1,-1,0,0,0,0,0.1,0.1,0.1
67,3,3.63,15,16,-1,0,0,0,-1,-1,-1,0,0,0,0,0.1,0.1,0.1
68,3,14,15,16,0,0,0,0,0,0,0,0,0,0,0,0.1,0.1,0.1
69,3,4.16,15,16,-1,0,0,0,-1,-1,-1,0,0,0,0,0.3,0.1,0.1
70,3,4.77,15,16,-1,0,0,0,-1,-1,-1,0,0,0,0,0.1,0.1,0.1
71,3,14,15,16,0,0,0,0,0,0,0,0,0,0,0,0.1,0.1,0.1
72,3,4.16,15,16,-1,0,0,0,-1,-1,-1,0,0,0,0,0.3,0.1,0.1
73,3,4.16,15,16,-1,0,0,0,-1,-1,-1,0,0,0,0,0.3,0.1,0.1
74,3,4.25,15,16,-1,0,0,0,-1,-1,-1,0,0,0,0,0.3,0.1,0.1
75,3,4.07,15,16,-1,0,0,0,-1,-1,-1,0,0,0,0,0.3,0.1,0.1
76,3,4.25,15,16,-1,0,0,0,-1,-1,-1,0,0,0,0,0.3,0.1,0.1
77,3,4.37,15,16,-1,0,0,0,-1,-1,-1,0,0,0,0,0.3,0.1,0.1
78,3,4.37,15,16,-1,0,0,0,-1,-1,-1,0,0,0,0,0.3,0.1,0.1
79,3,4.24,15,16,-1,0,0,0,-1,-1,-1,0,0,0,0,0.6,0.1,0.1
80,3,4.2,15,16,-1,0,0,0,-1,-1,-1,0,0,0,0,0.6,0.1,0.1
81,3,4.34,15,16,-1,0,0,0,-1,-1,-1,0,0,0,0,0.4,0.1,0.1
82,3,4.87,15,16,-1,0,0,0,-1,-1,-1,0,0,0,0,0.33,0.1,0.1
83,3,14,15,16,0,0,0,0,0,0,0,0,0,0,0,0.1,0.1,0.1
84,3,4.45,15,16,-1,0,0,0,-1,-1,-1,0,0,0,0,0.1,0.1,0.1
85,3,3.9,15,16,-1,0,0,0,-1,-1,-1,0,0,0,0,0.5,0.1,0.1
86,3,4.33,15,16,-1,0,0,0,-1,-1,-1,0,0,0,0,0.1,0.1,0.1
87,3,4.34,15,16,-1,0,0,0,-1,-1,-1,0,0,0,0,0.1,0.1,0.1
88,3,2.2,4.8,16,-1,1,0,0,-1,-1,-1,1,1,0,0,0.1,0.1,0.1
89,3,14,15,16,0,0,0,0,0,0,0,0,0,0,0,0.1,0.1,0.1
90,3,4.45,15,16,-1,0,0,0,-1,-1,-1,0,0,0,0,0.1,0.1,0.1
91,3,3.15,5.34,16,-1,-1,0,0,-1,-2,-2,0,0,0,0,0.1,0.1,0.1
92,3,14,15,16,0,0,0,0,0,0,0,0,0,0,0,0.1,0.1,0.1
93,3,14,15,16,0,0,0,0,0,0,0,0,0,0,0,0.1,0.1,0.1
94,3,2.93,4.23,5.09,-1,-1,-1,0,-1,-2,-3,0,0,0,0,0.28,0.21,0.21
95,3,2.37,15,16,-1,0,0,0,-1,-1,-1,1,1,1,1,0.1,0.1,0.1
96,3,14,15,16,0,0,0,0,0,0,0,0,0,0,0,0.1,0.1,0.1
97,3,14,15,16,0,0,0,0,0,0,0,0,0,0,0,0.1,0.1,0.1
98,3,14,15,16,0,0,0,0,0,0,0,0,0,0,0,0.1,0.1,0.1
99,3,14,15,16,0,0,0,0,0,0,0,0,0,0,0,0.1,0.1,0.1
100,3,3.34,15,16,-1,0,0,0,-1,-1,-1,0,0,0,0,0.7,0.1,0.1
101,3,14,15,16,0,0,0,0,0,0,0,0,0,0,0,0.1,0.1,0.1
102,3,14,15,16,0,0,0,0,0,0,0,0,0,0,0,0.1,0.1,0.1
103,3,14,15,16,0,0,0,0,0,0,0,0,0,0,0,0.1,0.1,0.1
104,3,14,15,16,0,0,0,0,0,0,0,0,0,0,0,0.1,0.1,0.1
105,3,14,15,16,0,0,0,0,0,0,0,0,0,0,0,0.1,0.1,0.1
106,3,14,15,16,0,0,0,0,0,0,0,0,0,0,0,0.1,0.1,0.1
107,3,14,15,16,0,0,0,0,0,0,0,0,0,0,0,0.1,0.1,0.1
108,3,14,15,16,0,0,0,0,0,0,0,0,0,0,0,0.1,0.1,0.1
109,3,14,15,16,0,0,0,0,0,0,0,0,0,0,0,0.1,0.1,0.1
110,3,14,15,16,0,0,0,0,0,0,0,0,0,0,0,0.1,0.1,0.1
111,3,14,15,16,0,0,0,0,0,0,0,0,0,0,0,0.1,0.1,0.1
112,3,14,15,16,0,0,0,0,0,0,0,0,0,0,0,0.1,0.1,0.1
113,3,14,15,16,0,0,0,0,0,0,0,0,0,0,0,0.1,0.1,0.1
114,3,14,15,16,0,0,0,0,0,0,0,0,0,0,0,0.1,0.1,0.1
115,3,14,15,16,0,0,0,0,0,0,0,0,0,0,0,0.1,0.1,0.1
116,3,14,15,16,0,0,0,0,0,0,0,0,0,0,0,0.1,0.1,0.1
117,3,4.04,15,16,1,0,0,0,0,0,0,1,0,0,0,0.5,0.1,0.1
118,3,14,15,16,0,0,0,0,0,0,0,0,0,0,0,0.1,0.1,0.1
119,3,1.89,15,16,1,0,0,0,0,0,0,1,0,0,0,0.2,0.1,0.1
120,3,14,15,16,0,0,0,0,0,0,0,0,0,0,0,0.1,0.1,0.1
121,3,3.73,15,16,1,0,0,0,0,0,0,1,0,0,0,0.5,0.1,0.1
122,3,14,15,16,0,0,0,0,0,0,0,0,0,0,0,0.1,0.1,0.1
123,3,14,15,16,0,0,0,0,0,0,0,0,0,0,0,0.1,0.1,0.1
124,3,14,15,16,0,0,0,0,0,0,0,0,0,0,0,0.1,0.1,0.1
125,3,14,15,16,0,0,0,0,0,0,0,0,0,0,0,0.1,0.1,0.1
126,3,14,15,16,0,0,0,0,0,0,0,0,0,0,0,0.1,0.1,0.1
127,3,14,15,16,0,0,0,0,0,0,0,0,0,0,0,0.1,0.1,0.1
128,3,14,15,16,0,0,0,0,0,0,0,0,0,0,0,0.1,0.1,0.1
129,3,2.94,15,16,1,0,0,0,0,0,0,1,0,0,0,0.12,0.1,0.1
130,3,14,15,16,0,0,0,0,0,0,0,0,0,0,0,0.1,0.1,0.1
131,3,14,15,16,0,0,0,0,0,0,0,0,0,0,0,0.1,0.1,0.1
132,3,3.02,15,16,1,0,0,0,0,0,0,1,0,0,0,0.2,0.1,0.1
133,3,14,15,16,0,0,0,0,0,0,0,0,0,0,0,0.1,0.1,0.1
134,3,1.92,15,16,1,0,0,0,0,0,0,1,0,0,0,0.2,0.1,0.1
135,3,2.89,15,16,1,0,0,0,0,0,0,1,0,0,0,0.1,0.1,0.1
136,3,0.63,15,16,1,0,0,0,0,0,0,1,0,0,0,0.22,0.1,0.1
137,3,1.57,15,16,1,0,0,0,0,0,0,1,0,0,0,0.5,0.1,0.1
138,3,14,15,16,0,0,0,0,0,0,0,0,0,0,0,0.1,0.1,0.1
139,3,14,15,16,0,0,0,0,0,0,0,0,0,0,0,0.1,0.1,0.1
140,3,-0.0943,15,16,1,0,0,0,0,0,0,1,0,0,0,0.7,0.1,0.1
141,3,0.31,15,16,1,0,0,0,0,0,0,1,0,0,0,0.5,0.1,0.1
142,3,14,15,16,0,0,0,0,0,0,0,0,0,0,0,0.1,0.1,0.1
143,3,14,15,16,0,0,0,0,0,0,0,0,0,0,0,0.1,0.1,0.1
144,3,14,15,16,0,0,0,0,0,0,0,0,0,0,0,0.1,0.1,0.1
145,3,14,15,16,0,0,0,0,0,0,0,0,0,0,0,0.1,0.1,0.1
146,3,14,15,16,0,0,0,0,0,0,0,0,0,0,0,0.1,0.1,0.1
147,3,14,15,16,0,0,0,0,0,0,0,0,0,0,0,0.1,0.1,0.1
148,3,2.3,15,16,1,0,0,0,0,0,0,1,0,0,0,0.1,0.1,0.1
149,3,4.84,15,16,1,0,0,0,0,0,0,1,0,0,0,0.1,0.1,0.1
150,3,14,15,16,0,0,0,0,0,0,0,0,0,0,0,0.1,0.1,0.1
151,3,14,15,16,0,0,0,0,0,0,0,0,0,0,0,0.1,0.1,0.1
152,3,14,15,16,0,0,0,0,0,0,0,1,1,1,1,0.1,0.1,0.1
153,3,3.66,15,16,-1,0,0,0,-1,-1,-1,0,0,0,0,0.25,0.1,0.1
154,3,0.94,15,16,1,0,0,0,0,0,0,1,0,0,0,0.2,0.1,0.1
155,3,1.52,15,16,1,0,0,0,0,0,0,1,0,0,0,0.5,0.1,0.1
156,3,14,15,16,0,0,0,0,0,0,0,0,0,0,0,0.1,0.1,0.1
157,3,2.75,15,16,1,0,0,0,0,0,0,1,0,0,0,0.1,0.1,0.1
158,3,3.35,15,16,1,0,0,0,0,0,0,1,0,0,0,0.1,0.1,0.1
159,3,14,15,16,0,0,0,0,0,0,0,0,0,0,0,0.1,0.1,0.1
160,3,14,15,16,0,0,0,0,0,0,0,0,0,0,0,0.1,0.1,0.1
161,3,14,15,16,0,0,0,0,0,0,0,0,0,0,0,0.1,0.1,0.1
162,3,1.21,15,16,1,0,0,0,0,0,0,1,0,0,0,0.3,0.1,0.1
163,3,14,15,16,0,0,0,0,0,0,0,0,0,0,0,0.1,0.1,0.1
164,3,2.19,15,16,1,0,0,0,0,0,0,1,0,0,0,0.12,0.1,0.1
165,3,2.75,15,16,1,0,0,0,0,0,0,1,0,0,0,0.1,0.1,0.1
166,3,14,15,16,0,0,0,0,0,0,0,0,0,0,0,0.1,0.1,0.1
167,3,14,15,16,0,0,0,0,0,0,0,0,0,0,0,0.1,0.1,0.1
168,3,1.67,15,16,1,0,0,0,0,0,0,1,0,0,0,0.1,0.1,0.1
169,3,2.34,15,16,1,0,0,0,0,0,0,1,0,0,0,0.1,0.1,0.1
170,3,0.91,15,16,1,0,0,0,0,0,0,1,0,0,0,0.12,0.1,0.1
171,3,2.91,15,16,1,0,0,0,0,0,0,1,0,0,0,0.1,0.1,0.1
172,3,2.7,15,16,1,0,0,0,0,0,0,1,0,0,0,0.1,0.1,0.1
173,3,14,15,16,0,0,0,0,0,0,0,1,1,1,1,0.1,0.1,0.1
174,3,3.06,15,16,1,0,0,0,0,0,0,1,0,0,0,0.12,0.1,0.1
175,3,3.06,15,16,1,0,0,0,0,0,0,1,0,0,0,0.12,0.1,0.1
176,3,2.94,15,16,1,0,0,0,0,0,0,1,0,0,0,0.12,0.1,0.1
177,3,3.27,15,16,1,0,0,0,0,0,0,1,0,0,0,0.12,0.1,0.1
178,3,2.68,15,16,1,0,0,0,0,0,0,1,0,0,0,0.1,0.1,0.1
179,3,2.4,15,16,1,0,0,0,0,0,0,1,0,0,0,0.4,0.1,0.1
180,3,2.98,15,16,1,0,0,0,0,0,0,1,0,0,0,0.12,0.1,0.1
181,3,2.4,15,16,1,0,0,0,0,0,0,1,0,0,0,0.1,0.1,0.1
182,3,14,15,16,0,0,0,0,0,0,0,0,0,0,0,0.1,0.1,0.1
183,3,2.31,15,16,1,0,0,0,0,0,0,1,0,0,0,0.11,0.1,0.1
184,3,3.66,15,16,-1,0,0,0,-1,-1,-1,0,0,0,0,0.25,0.1,0.1
185,3,2.94,15,16,1,0,0,0,0,0,0,1,0,0,0,0.12,0.1,0.1
186,3,-0.00316,15,16,1,0,0,0,0,0,0,1,0,0,0,0.2,0.1,0.1
187,3,3.88,15,16,-1,0,0,0,-1,-1,-1,0,0,0,0,0.1,0.1,0.1
188,3,14,15,16,0,0,0,0,0,0,0,0,0,0,0,0.1,0.1,0.1
189,3,14,15,16,0,0,0,0,0,0,0,0,0,0,0,0.1,0.1,0.1
190,3,14,15,16,0,0,0,0,0,0,0,0,0,0,0,0.1,0.1,0.1
191,3,14,15,16,0,0,0,0,0,0,0,0,0,0,0,0.1,0.1,0.1
192,3,2.97,15,16,1,0,0,0,0,0,0,1,0,0,0,0.1,0.1,0.1
193,3,1.41,15,16,1,0,0,0,0,0,0,1,0,0,0,0.5,0.1,0.1
194,3,0.48,1.54,16,1,1,0,0,0,0,0,2,1,0,0,0.1,0.1,0.1
195,3,14,15,16,0,0,0,0,0,0,0,0,0,0,0,0.1,0.1,0.1
196,3,1.45,15,16,1,0,0,0,0,0,0,1,0,0,0,0.5,0.1,0.1
197,3,14,15,16,0,0,0,0,0,0,0,0,0,0,0,0.1,0.1,0.1
198,3,14,15,16,0,0,0,0,0,0,0,0,0,0,0,0.1,0.1,0.1
199,3,14,15,16,0,0,0,0,0,0,0,0,0,0,0,0.1,0.1,0.1
200,3,2.57,15,16,1,0,0,0,0,0,0,1,0,0,0,0.11,0.1,0.1
201,3,2.8,15,16,1,0,0,0,0,0,0,1,0,0,0,0.1,0.1,0.1
202,3,14,15,16,0,0,0,0,0,0,0,0,0,0,0,0.1,0.1,0.1
203,3,14,15,16,0,0,0,0,0,0,0,0,0,0,0,0.1,0.1,0.1
204,3,14,15,16,0,0,0,0,0,0,0,0,0,0,0,0.1,0.1,0.1
205,3,0.6,15,16,1,0,0,0,0,0,0,1,0,0,0,0.1,0.1,0.1
206,3,4.9,15,16,1,0,0,0,0,0,0,1,0,0,0,0.1,0.1,0.1
207,3,3.74,15,16,1,0,0,0,0,0,0,1,0,0,0,0.1,0.1,0.1
208,3,14,15,16,0,0,0,0,0,0,0,0,0,0,0,0.1,0.1,0.1
209,3,14,15,16,0,0,0,0,0,0,0,0,0,0,0,0.1,0.1,0.1
210,3,0.94,15,16,1,0,0,0,0,0,0,1,0,0,0,0.7,0.1,0.1
211,3,0.23,15,16,1,0,0,0,0,0,0,1,0,0,0,0.5,0.1,0.1
212,3,14,15,16,0,0,0,0,0,0,0,0,0,0,0,0.1,0.1,0.1
213,3,3.63,15,16,-1,0,0,0,-1,-1,-1,0,0,0,0,0.25,0.1,0.1
214,3,14,15,16,0,0,0,0,0,0,0,0,0,0,0,0.1,0.1,0.1
215,3,1.41,15,16,1,0,0,0,0,0,0,1,0,0,0,0.11,0.1,0.1
216,3,-0.15,15,16,1,0,0,0,0,0,0,1,0,0,0,0.5,0.1,0.1
217,3,3.21,15,16,1,0,0,0,0,0,0,1,0,0,0,0.1,0.1,0.1
218,3,0.89,15,16,-1,0,0,0,-1,-1,-1,0,0,0,0,0.4,0.1,0.1
219,3,5.18,15,16,1,0,0,0,0,0,0,1,0,0,0,0.3,0.1,0.1
220,3,2.05,15,16,1,0,0,0,0,0,0,1,0,0,0,0.7,0.1,0.1
221,3,-0.3,15,16,1,0,0,0,0,0,0,1,0,0,0,0.5,0.1,0.1
222,3,14,15,16,0,0,0,0,0,0,0,0,0,0,0,0.1,0.1,0.1
223,3,14,15,16,0,0,0,0,0,0,0,0,0,0,0,0.1,0.1,0.1
224,3,0.71,15,16,1,0,0,0,0,0,0,1,0,0,0,0.2,0.1,0.1
225,3,2.56,4.21,16,1,-1,0,0,0,-1,-1,1,0,0,0,0.1,0.1,0.1
226,3,14,15,16,0,0,0,0,0,0,0,0,0,0,0,0.1,0.1,0.1
227,3,14,15,16,0,0,0,0,0,0,0,0,0,0,0,0.1,0.1,0.1
228,3,5.59,15,16,-1,0,0,0,-1,-1,-1,0,0,0,0,0.46,0.1,0.1
229,3,14,15,16,0,0,0,0,0,0,0,0,0,0,0,0.1,0.1,0.1
230,3,4.84,15,16,1,0,0,0,0,0,0,2,1,1,1,0.1,0.1,0.1
231,3,0.63,15,16,1,0,0,0,0,0,0,1,0,0,0,0.4,0.1,0.1
232,3,3.55,15,16,-1,0,0,0,-1,-1,-1,0,0,0,0,0.1,0.1,0.1
233,3,-0.32,15,16,1,0,0,0,0,0,0,1,0,0,0,0.5,0.1,0.1
234,3,5,15,16,1,0,0,0,0,0,0,1,0,0,0,0.1,0.1,0.1
235,3,14,15,16,0,0,0,0,0,0,0,0,0,0,0,0.1,0.1,0.1
236,3,14,15,16,0,0,0,0,0,0,0,0,0,0,0,0.1,0.1,0.1
237,3,14,15,16,0,0,0,0,0,0,0,0,0,0,0,0.1,0.1,0.1
238,3,14,15,16,0,0,0,0,0,0,0,0,0,0,0,0.1,0.1,0.1
239,3,14,15,16,0,0,0,0,0,0,0,0,0,0,0,0.1,0.1,0.1
240,3,14,15,16,0,0,0,0,0,0,0,0,0,0,0,0.1,0.1,0.1
241,3,14,15,16,0,0,0,0,0,0,0,0,0,0,0,0.1,0.1,0.1
242,3,1.54,15,16,1,0,0,0,0,0,0,1,0,0,0,0.2,0.1,0.1
243,3,14,15,16,0,0,0,0,0,0,0,0,0,0,0,0.1,0.1,0.1
244,3,-0.16,15,16,1,0,0,0,0,0,0,1,0,0,0,0.2,0.1,0.1
245,3,2.55,4.15,16,-1,-1,0,0,-1,-2,-2,0,0,0,0,0.1,0.1,0.1
246,3,14,15,16,0,0,0,0,0,0,0,0,0,0,0,0.1,0.1,0.1
247,3,0.71,3.72,16,1,-1,0,0,0,-1,-1,1,0,0,0,0.1,0.1,0.1
248,3,0.31,15,16,1,0,0,0,0,0,0,1,0,0,0,0.5,0.1,0.1
249,3,14,15,16,0,0,0,0,0,0,0,0,0,0,0,0.1,0.1,0.1
250,3,4.36,15,16,1,0,0,0,0,0,0,1,0,0,0,0.41,0.1,0.1
251,3,14,15,16,0,0,0,0,0,0,0,0,0,0,0,0.1,0.1,0.1
252,3,14,15,16,0,0,0,0,0,0,0,0,0,0,0,0.1,0.1,0.1
253,3,0.7,15,16,1,0,0,0,0,0,0,1,0,0,0,0.2,0.1,0.1
254,3,14,15,16,0,0,0,0,0,0,0,0,0,0,0,0.1,0.1,0.1
255,3,2.45,4.05,16,-1,-1,0,0,-1,-2,-2,0,0,0,0,0.1,0.1,0.1
256,3,2.6,4.34,16,1,-1,0,0,0,-1,-1,1,0,0,0,0.1,0.1,0.1
257,3,14,15,16,0,0,0,0,0,0,0,0,0,0,0,0.1,0.1,0.1
258,3,3.15,15,16,1,0,0,0,0,0,0,1,0,0,0,0.7,0.1,0.1
259,3,0.93,15,16,1,0,0,0,0,0,0,1,0,0,0,0.5,0.1,0.1
260,3,14,15,16,0,0,0,0,0,0,0,0,0,0,0,0.1,0.1,0.1
261,3,0.93,15,16,1,0,0,0,0,0,0,1,0,0,0,0.18,0.1,0.1
262,3,-0.011,15,16,1,0,0,0,0,0,0,1,0,0,0,0.2,0.1,0.1
263,3,14,15,16,0,0,0,0,0,0,0,0,0,0,0,0.1,0.1,0.1
264,3,3.73,15,16,-1,0,0,0,-1,-1,-1,0,0,0,0,0.1,0.1,0.1
265,3,14,15,16,0,0,0,0,0,0,0,0,0,0,0,0.1,0.1,0.1
266,3,0.32,15,16,1,0,0,0,0,0,0,1,0,0,0,0.5,0.1,0.1
267,3,14,15,16,0,0,0,0,0,0,0,0,0,0,0,0.1,0.1,0.1
268,3,14,15,16,0,0,0,0,0,0,0,0,0,0,0,0.1,0.1,0.1
269,3,4.01,15,16,1,0,0,0,0,0,0,1,0,0,0,0.1,0.1,0.1
270,3,14,15,16,0,0,0,0,0,0,0,0,0,0,0,0.1,0.1,0.1
271,3,14,15,16,0,0,0,0,0,0,0,0,0,0,0,0.1,0.1,0.1
272,3,14,15,16,0,0,0,0,0,0,0,0,0,0,0,0.1,0.1,0.1
273,3,2.16,15,16,1,0,0,0,0,0,0,1,0,0,0,0.11,0.1,0.1
274,3,14,15,16,0,0,0,0,0,0,0,0,0,0,0,0.1,0.1,0.1
275,3,2.78,15,16,1,0,0,0,0,0,0,1,0,0,0,0.1,0.1,0.1
276,3,14,15,16,0,0,0,0,0,0,0,0,0,0,0,0.1,0.1,0.1
277,3,14,15,16,0,0,0,0,0,0,0,0,0,0,0,0.1,0.1,0.1
278,3,14,15,16,0,0,0,0,0,0,0,0,0,0,0,0.1,0.1,0.1
279,3,3.26,15,16,1,0,0,0,0,0,0,1,0,0,0,0.5,0.1,0.1
280,3,14,15,16,0,0,0,0,0,0,0,0,0,0,0,0.1,0.1,0.1
281,3,14,15,16,0,0,0,0,0,0,0,0,0,0,0,0.1,0.1,0.1
282,3,14,15,16,0,0,0,0,0,0,0,0,0,0,0,0.1,0.1,0.1
283,3,3.8,15,16,1,0,0,0,0,0,0,1,0,0,0,0.1,0.1,0.1
284,3,0.15,15,16,1,0,0,0,0,0,0,1,0,0,0,0.5,0.1,0.1
285,3,14,15,16,0,0,0,0,0,0,0,0,0,0,0,0.1,0.1,0.1
286,3,14,15,16,0,0,0,0,0,0,0,0,0,0,0,0.1,0.1,0.1
287,3,5.02,15,16,1,0,0,0,0,0,0,1,0,0,0,0.7,0.1,0.1
288,3,0.75,4.17,16,1,-1,0,0,0,-1,-1,1,0,0,0,0.4,0.2,0.1
289,3,14,15,16,0,0,0,0,0,0,0,0,0,0,0,0.1,0.1,0.1
290,3,14,15,16,0,0,0,0,0,0,0,0,0,0,0,0.1,0.1,0.1
291,3,2.73,15,16,1,0,0,0,0,0,0,1,0,0,0,0.1,0.1,0.1
292,3,14,15,16,0,0,0,0,0,0,0,0,0,0,0,0.1,0.1,0.1
293,3,0.84,5.16,16,-1,1,0,0,-1,-1,-1,1,1,0,0,0.6,0.7,0.1
294,3,14,15,16,0,0,0,0,0,0,0,0,0,0,0,0.1,0.1,0.1
295,3,14,15,16,0,0,0,0,0,0,0,0,0,0,0,0.1,0.1,0.1
296,3,14,15,16,0,0,0,0,0,0,0,0,0,0,0,0.1,0.1,0.1
297,3,0.039,1.58,16,1,-1,0,0,0,-1,-1,1,0,0,0,0.3,0.5,0.1
298,3,0.085,15,16,1,0,0,0,0,0,0,1,0,0,0,0.5,0.1,0.1
299,3,0.42,15,16,1,0,0,0,0,0,0,1,0,0,0,0.5,0.1,0.1
300,3,14,15,16,0,0,0,0,0,0,0,0,0,0,0,0.1,0.1,0.1
301,3,14,15,16,0,0,0,0,0,0,0,0,0,0,0,0.1,0.1,0.1
302,3,14,15,16,0,0,0,0,0,0,0,0,0,0,0,0.1,0.1,0.1
303,3,0.33,15,16,1,0,0,0,0,0,0,1,0,0,0,0.5,0.1,0.1
304,3,0.21,1.54,16,1,1,0,0,0,0,0,2,1,0,0,0.5,0.1,0.1
305,3,1.35,15,16,1,0,0,0,0,0,0,1,0,0,0,0.5,0.1,0.1
306,3,-0.24,15,16,1,0,0,0,0,0,0,2,1,1,1,0.4,0.1,0.1
307,3,14,15,16,0,0,0,0,0,0,0,0,0,0,0,0.1,0.1,0.1
308,3,3.64,15,16,1,0,0,0,0,0,0,1,0,0,0,0.41,0.1,0.1
309,3,14,15,16,0,0,0,0,0,0,0,1,1,1,1,0.1,0.1,0.1
310,3,0.0069,2.46,16,1,1,0,0,0,0,0,2,1,0,0,0.1,0.7,0.1
311,3,14,15,16,0,0,0,0,0,0,0,0,0,0,0,0.1,0.1,0.1
312,3,2.18,3.71,16,1,1,0,0,0,0,0,2,1,0,0,0.2,0.11,0.1
313,3,0.49,15,16,1,0,0,0,0,0,0,1,0,0,0,0.2,0.1,0.1
314,3,14,15,16,0,0,0,-1,-1,-1,-1,1,1,1,1,0.1,0.1,0.1
315,3,14,15,16,0,0,0,0,0,0,0,0,0,0,0,0.1,0.1,0.1
316,3,4.39,15,16,1,0,0,0,0,0,0,1,0,0,0,0.1,0.1,0.1
317,3,2.13,15,16,1,0,0,0,0,0,0,1,0,0,0,0.1,0.1,0.1
318,3,0.24,15,16,1,0,0,0,0,0,0,1,0,0,0,0.5,0.1,0.1
319,3,14,15,16,0,0,0,0,0,0,0,0,0,0,0,0.1,0.1,0.1
320,3,14,15,16,0,0,0,0,0,0,0,0,0,0,0,0.1,0.1,0.1
321,3,0.37,15,16,1,0,0,0,0,0,0,1,0,0,0,0.7,0.1,0.1
322,3,14,15,16,0,0,0,0,0,0,0,0,0,0,0,0.1,0.1,0.1
323,3,14,15,16,0,0,0,0,0,0,0,1,1,1,1,0.1,0.1,0.1
324,3,0.49,15,16,1,0,0,0,0,0,0,1,0,0,0,0.2,0.1,0.1
325,3,14,15,16,0,0,0,0,0,0,0,0,0,0,0,0.1,0.1,0.1
326,3,14,15,16,0,0,0,0,0,0,0,0,0,0,0,0.1,0.1,0.1
327,3,0.49,15,16,1,0,0,0,0,0,0,1,0,0,0,0.4,0.1,0.1
328,3,2.88,15,16,1,0,0,0,0,0,0,1,0,0,0,0.3,0.1,0.1
329,3,14,15,16,0,0,0,0,0,0,0,0,0,0,0,0.1,0.1,0.1
330,3,14,15,16,0,0,0,0,0,0,0,1,1,1,1,0.1,0.1,0.1
331,3,-0.0412,4.8,16,1,1,0,0,0,0,0,2,1,0,0,0.1,0.2,0.1
332,3,14,15,16,0,0,0,0,0,0,0,0,0,0,0,0.1,0.1,0.1
333,3,2.33,15,16,1,0,0,0,0,0,0,1,0,0,0,0.1,0.1,0.1
334,3,14,15,16,0,0,0,0,0,0,0,0,0,0,0,0.1,0.1,0.1
335,3,14,15,16,0,0,0,0,0,0,0,0,0,0,0,0.1,0.1,0.1
336,3,14,15,16,0,0,0,0,0,0,0,0,0,0,0,0.1,0.1,0.1
337,3,14,15,16,0,0,0,0,0,0,0,0,0,0,0,0.1,0.1,0.1
338,3,14,15,16,0,0,0,0,0,0,0,1,1,1,1,0.1,0.1,0.1
339,3,-0.23,15,16,1,0,0,0,0,0,0,1,0,0,0,0.1,0.1,0.1
340,3,14,15,16,0,0,0,0,0,0,0,0,0,0,0,0.1,0.1,0.1
341,3,3.62,15,16,1,0,0,0,0,0,0,1,0,0,0,0.12,0.1,0.1
342,3,14,15,16,0,0,0,0,0,0,0,0,0,0,0,0.1,0.1,0.1
343,3,3.4,15,16,1,0,0,0,0,0,0,1,0,0,0,0.1,0.1,0.1
344,3,0.0142,15,16,1,0,0,0,0,0,0,1,0,0,0,0.1,0.1,0.1
345,3,0.99,15,16,1,0,0,0,0,0,0,1,0,0,0,0.1,0.1,0.1
346,3,14,15,16,0,0,0,0,0,0,0,0,0,0,0,0.1,0.1,0.1
347,3,14,15,16,0,0,0,0,0,0,0,0,0,0,0,0.1,0.1,0.1
348,3,2.29,15,16,-1,0,0,0,-1,-1,-1,1,1,1,1,0.16,0.1,0.1
349,3,14,15,16,0,0,0,0,0,0,0,1,1,1,1,0.1,0.1,0.1
350,3,14,15,16,0,0,0,0,0,0,0,1,1,1,1,0.1,0.1,0.1
351,3,14,15,16,0,0,0,0,0,0,0,1,1,1,1,0.1,0.1,0.1
352,3,14,15,16,0,0,0,0,0,0,0,0,0,0,0,0.1,0.1,0.1
353,3,3.43,15,16,-1,0,0,0,-1,-1,-1,0,0,0,0,0.36,0.1,0.1
354,3,2.3,15,16,1,0,0,0,0,0,0,1,0,0,0,0.1,0.1,0.1
355,3,14,15,16,0,0,0,0,0,0,0,1,1,1,1,0.1,0.1,0.1
356,3,1.84,15,16,1,0,0,0,0,0,0,1,0,0,0,0.7,0.1,0.1
357,3,14,15,16,0,0,0,0,0,0,0,0,0,0,0,0.1,0.1,0.1
358,3,2.29,15,16,1,0,0,0,0,0,0,1,0,0,0,0.7,0.1,0.1
359,3,14,15,16,0,0,0,0,0,0,0,1,1,1,1,0.1,0.1,0.1
360,3,14,15,16,0,0,0,0,0,0,0,1,1,1,1,0.1,0.1,0.1
361,3,2.35,15,16,-1,0,0,0,-1,-1,-1,1,1,1,1,0.2,0.1,0.1
362,3,2.21,3.24,16,-1,-1,0,0,-1,-2,-2,1,1,1,1,0.1,0.1,0.1
363,3,14,15,16,0,0,0,0,0,0,0,0,0,0,0,0.1,0.1,0.1
364,3,14,15,16,0,0,0,0,0,0,0,0,0,0,0,0.1,0.1,0.1
365,3,1.39,15,16,1,0,0,0,0,0,0,1,0,0,0,0.1,0.1,0.1
366,3,14,15,16,0,0,0,0,0,0,0,0,0,0,0,0.1,0.1,0.1
367,3,14,15,16,0,0,0,0,0,0,0,0,0,0,0,0.1,0.1,0.1
368,3,3.46,15,16,1,0,0,0,0,0,0,2,1,1,1,0.2,0.1,0.1
369,3,3.28,15,16,1,0,0,0,0,0,0,1,0,0,0,0.2,0.1,0.1
370,3,14,15,16,0,0,0,0,0,0,0,1,1,1,1,0.1,0.1,0.1
371,3,2.55,15,16,1,0,0,0,0,0,0,1,0,0,0,0.1,0.1,0.1
372,3,14,15,16,0,0,0,0,0,0,0,0,0,0,0,0.1,0.1,0.1
373,3,4.76,15,16,-1,0,0,0,-1,-1,-1,0,0,0,0,0.1,0.1,0.1
374,3,14,15,16,0,0,0,0,0,0,0,1,1,1,1,0.1,0.1,0.1
375,3,2.2,2.56,3.16,-1,-1,-1,0,-1,-2,-3,0,0,0,0,0.2,0.1,0.1
376,3,14,15,16,0,0,0,0,0,0,0,0,0,0,0,0.1,0.1,0.1
377,3,14,15,16,0,0,0,0,0,0,0,1,1,1,1,0.1,0.1,0.1
378,3,1.54,15,16,1,0,0,0,0,0,0,1,0,0,0,0.2,0.1,0.1
379,3,14,15,16,0,0,0,0,0,0,0,0,0,0,0,0.1,0.1,0.1
380,3,1.86,15,16,1,0,0,0,0,0,0,2,1,1,1,0.1,0.1,0.1
381,3,4.27,15,16,-1,0,0,0,-1,-1,-1,0,0,0,0,0.3,0.1,0.1
382,3,3.58,15,16,-1,0,0,0,-1,-1,-1,0,0,0,0,0.1,0.1,0.1
383,3,14,15,16,0,0,0,0,0,0,0,1,1,1,1,0.1,0.1,0.1
384,3,14,15,16,0,0,0,0,0,0,0,1,1,1,1,0.1,0.1,0.1
385,3,1.15,15,16,-1,0,0,0,-1,-1,-1,1,1,1,1,0.5,0.1,0.1
386,3,14,15,16,0,0,0,0,0,0,0,1,1,1,1,0.1,0.1,0.1
387,3,1,3.63,16,-1,1,0,0,-1,-1,-1,1,1,0,0,0.6,0.1,0.1
388,3,14,15,16,0,0,0,0,0,0,0,1,1,1,1,0.1,0.1,0.1
389,3,14,15,16,0,0,0,-2,-2,-2,-2,0,0,0,0,0.1,0.1,0.1
390,3,4.32,15,16,-1,0,0,0,-1,-1,-1,0,0,0,0,0.1,0.1,0.1
391,3,3.81,15,16,1,0,0,0,0,0,0,1,0,0,0,0.1,0.1,0.1
392,3,1.63,4.12,16,-1,-1,0,0,-1,-2,-2,1,1,1,1,0.2,0.2,0.1
393,3,14,15,16,0,0,0,0,0,0,0,1,1,1,1,0.1,0.1,0.1
394,3,3.82,15,16,1,0,0,0,0,0,0,1,0,0,0,0.1,0.1,0.1
395,3,4.41,15,16,1,0,0,0,0,0,0,1,0,0,0,0.1,0.1,0.1
396,3,3.44,15,16,1,0,0,0,0,0,0,2,1,1,1,0.1,0.1,0.1
397,3,14,15,16,0,0,0,0,0,0,0,1,1,1,1,0.1,0.1,0.1
398,3,14,15,16,0,0,0,0,0,0,0,1,1,1,1,0.1,0.1,0.1
399,3,0.25,15,16,1,0,0,-1,-1,-1,-1,1,0,0,0,0.7,0.1,0.1
400,3,14,15,16,0,0,0,0,0,0,0,1,1,1,1,0.1,0.1,0.1
401,3,2.15,15,16,-1,0,0,0,-1,-1,-1,1,1,1,1,0.1,0.1,0.1
402,3,0.59,15,16,1,0,0,-1,-1,-1,-1,1,0,0,0,0.7,0.1,0.1
403,3,2.94,4.39,16,1,1,0,0,0,0,0,2,1,0,0,0.1,0.1,0.1
404,3,14,15,16,0,0,0,0,0,0,0,0,0,0,0,0.1,0.1,0.1
405,3,14,15,16,0,0,0,0,0,0,0,1,1,1,1,0.1,0.1,0.1
406,3,3.78,15,16,1,0,0,0,0,0,0,1,0,0,0,0.1,0.1,0.1
407,3,14,15,16,0,0,0,0,0,0,0,1,1,1,1,0.1,0.1,0.1
408,3,14,15,16,0,0,0,0,0,0,0,0,0,0,0,0.1,0.1,0.1
409,3,14,15,16,0,0,0,0,0,0,0,0,0,0,0,0.1,0.1,0.1
410,3,14,15,16,0,0,0,0,0,0,0,0,0,0,0,0.1,0.1,0.1
411,3,3.18,4.48,16,-1,1,0,0,-1,-1,-1,1,1,0,0,0.1,0.25,0.1
412,3,4.04,15,16,-1,0,0,0,-1,-1,-1,1,1,1,1,0.1,0.1,0.1
413,3,14,15,16,0,0,0,0,0,0,0,0,0,0,0,0.1,0.1,0.1
414,3,3.97,15,16,1,0,0,0,0,0,0,2,1,1,1,0.5,0.1,0.1
415,3,14,15,16,0,0,0,0,0,0,0,1,1,1,1,0.1,0.1,0.1
416,3,14,15,16,0,0,0,0,0,0,0,1,1,1,1,0.1,0.1,0.1
417,3,1.22,3.75,16,1,1,0,0,0,0,0,2,1,0,0,0.1,0.1,0.1
418,3,14,15,16,0,0,0,0,0,0,0,0,0,0,0,0.1,0.1,0.1
419,3,3.36,15,16,1,0,0,0,0,0,0,1,0,0,0,0.1,0.1,0.1
420,3,14,15,16,0,0,0,0,0,0,0,0,0,0,0,0.1,0.1,0.1
421,3,14,15,16,0,0,0,0,0,0,0,0,0,0,0,0.1,0.1,0.1
422,3,14,15,16,0,0,0,0,0,0,0,1,1,1,1,0.1,0.1,0.1
423,3,14,15,16,0,0,0,0,0,0,0,1,1,1,1,0.1,0.1,0.1
424,3,14,15,16,0,0,0,0,0,0,0,1,1,1,1,0.1,0.1,0.1
425,3,3.18,15,16,-1,0,0,0,-1,-1,-1,1,1,1,1,0.1,0.1,0.1
426,3,1.76,15,16,1,0,0,0,0,0,0,1,0,0,0,0.5,0.1,0.1
427,3,14,15,16,0,0,0,0,0,0,0,0,0,0,0,0.1,0.1,0.1
428,3,14,15,16,0,0,0,0,0,0,0,0,0,0,0,0.1,0.1,0.1
429,3,14,15,16,0,0,0,0,0,0,0,1,1,1,1,0.1,0.1,0.1
430,3,14,15,16,0,0,0,0,0,0,0,0,0,0,0,0.1,0.1,0.1
431,3,3.18,15,16,1,0,0,0,0,0,0,2,1,1,1,0.5,0.1,0.1
432,3,14,15,16,0,0,0,0,0,0,0,1,1,1,1,0.1,0.1,0.1
433,3,14,15,16,0,0,0,0,0,0,0,1,1,1,1,0.1,0.1,0.1
434,3,-0.11,3.99,16,1,1,0,0,0,0,0,3,2,1,1,0.1,0.7,0.1
435,3,14,15,16,0,0,0,0,0,0,0,0,0,0,0,0.1,0.1,0.1
436,3,1.23,2.19,16,1,1,0,0,0,0,0,2,1,0,0,0.1,0.2,0.1
437,3,14,15,16,0,0,0,0,0,0,0,0,0,0,0,0.1,0.1,0.1
438,3,14,15,16,0,0,0,0,0,0,0,0,0,0,0,0.1,0.1,0.1
439,3,14,15,16,0,0,0,0,0,0,0,0,0,0,0,0.1,0.1,0.1
440,3,4.25,15,16,1,0,0,0,0,0,0,2,1,1,1,0.33,0.1,0.1
441,3,14,15,16,0,0,0,0,0,0,0,1,1,1,1,0.1,0.1,0.1
442,3,4.71,15,16,-1,0,0,0,-1,-1,-1,0,0,0,0,0.1,0.1,0.1
443,3,4.46,15,16,1,0,0,0,0,0,0,2,1,1,1,0.1,0.1,0.1
444,3,2.84,15,16,1,0,0,0,0,0,0,1,0,0,0,0.2,0.1,0.1
445,3,4.22,15,16,-1,0,0,0,-1,-1,-1,0,0,0,0,0.3,0.1,0.1
446,3,14,15,16,0,0,0,0,0,0,0,0,0,0,0,0.1,0.1,0.1
447,3,3.12,15,16,-1,0,0,0,-1,-1,-1,1,1,1,1,0.5,0.1,0.1
448,3,14,15,16,0,0,0,0,0,0,0,1,1,1,1,0.1,0.1,0.1
449,3,14,15,16,0,0,0,0,0,0,0,1,1,1,1,0.1,0.1,0.1
450,3,14,15,16,0,0,0,0,0,0,0,1,1,1,1,0.1,0.1,0.1
451,3,14,15,16,0,0,0,0,0,0,0,0,0,0,0,0.1,0.1,0.1
452,3,14,15,16,0,0,0,0,0,0,0,0,0,0,0,0.1,0.1,0.1
453,3,0.65,15,16,1,0,0,0,0,0,0,2,1,1,1,0.7,0.1,0.1
454,3,3.82,15,16,1,0,0,0,0,0,0,1,0,0,0,0.1,0.1,0.1
455,3,1.95,15,16,-1,0,0,0,-1,-1,-1,1,1,1,1,0.5,0.1,0.1
456,3,14,15,16,0,0,0,0,0,0,0,1,1,1,1,0.1,0.1,0.1
457,3,14,15,16,0,0,0,0,0,0,0,1,1,1,1,0.1,0.1,0.1
458,3,4.46,15,16,1,0,0,0,0,0,0,2,1,1,1,0.1,0.1,0.1
459,3,4.46,15,16,1,0,0,0,0,0,0,2,1,1,1,0.1,0.1,0.1
460,3,14,15,16,0,0,0,0,0,0,0,1,1,1,1,0.1,0.1,0.1
461,3,14,15,16,0,0,0,0,0,0,0,0,0,0,0,0.1,0.1,0.1
462,3,14,15,16,0,0,0,0,0,0,0,0,0,0,0,0.1,0.1,0.1
463,3,4.57,15,16,1,0,0,0,0,0,0,1,0,0,0,0.1,0.1,0.1
464,3,3.85,15,16,-1,0,0,0,-1,-1,-1,0,0,0,0,0.1,0.1,0.1
465,3,14,15,16,0,0,0,0,0,0,0,2,2,2,2,0.1,0.1,0.1
466,3,14,15,16,0,0,0,0,0,0,0,0,0,0,0,0.1,0.1,0.1
467,3,1.7,2.66,16,1,-1,0,0,0,-1,-1,1,0,0,0,0.1,0.5,0.1
468,3,2.49,2.68,16,-1,-1,0,0,-1,-2,-2,1,1,1,1,0.24,0.5,0.1
469,3,14,15,16,0,0,0,0,0,0,0,1,1,1,1,0.1,0.1,0.1
470,3,3.97,15,16,1,0,0,0,0,0,0,2,1,1,1,0.1,0.1,0.1
471,3,4.72,15,16,1,0,0,0,0,0,0,1,0,0,0,0.12,0.1,0.1
472,3,2.18,15,16,-1,0,0,0,-1,-1,-1,1,1,1,1,0.1,0.1,0.1
473,3,2.85,15,16,1,0,0,0,0,0,0,2,1,1,1,0.4,0.1,0.1
474,3,0.29,15,16,1,0,0,0,0,0,0,1,0,0,0,0.3,0.1,0.1
475,3,3.12,15,16,-1,0,0,0,-1,-1,-1,1,1,1,1,0.5,0.1,0.1
476,3,14,15,16,0,0,0,0,0,0,0,0,0,0,0,0.1,0.1,0.1
477,3,14,15,16,0,0,0,0,0,0,0,0,0,0,0,0.1,0.1,0.1
478,3,2.06,15,16,1,0,0,0,0,0,0,2,1,1,1,0.7,0.1,0.1
479,3,1.25,15,16,1,0,0,0,0,0,0,1,0,0,0,0.1,0.1,0.1
480,3,14,15,16,0,0,0,0,0,0,0,2,2,2,2,0.1,0.1,0.1
481,3,0.61,1.51,16,-1,-1,0,0,-1,-2,-2,1,1,1,1,0.5,0.5,0.1
482,3,14,15,16,0,0,0,0,0,0,0,1,1,1,1,0.1,0.1,0.1
483,3,14,15,16,0,0,0,0,0,0,0,0,0,0,0,0.1,0.1,0.1
484,3,14,15,16,0,0,0,0,0,0,0,1,1,1,1,0.1,0.1,0.1
485,3,2.6,15,16,-1,0,0,0,-1,-1,-1,1,1,1,1,0.4,0.1,0.1
486,3,14,15,16,0,0,0,0,0,0,0,0,0,0,0,0.1,0.1,0.1
487,3,0.63,15,16,1,0,0,0,0,0,0,2,1,1,1,0.2,0.1,0.1
488,3,3.61,15,16,1,0,0,0,0,0,0,1,0,0,0,0.1,0.1,0.1
489,3,4.33,15,16,1,0,0,0,0,0,0,1,0,0,0,0.2,0.1,0.1
490,3,14,15,16,0,0,0,0,0,0,0,0,0,0,0,0.1,0.1,0.1
491,3,14,15,16,0,0,0,0,0,0,0,1,1,1,1,0.1,0.1,0.1
492,3,14,15,16,0,0,0,0,0,0,0,1,1,1,1,0.1,0.1,0.1
493,3,14,15,16,0,0,0,0,0,0,0,1,1,1,1,0.1,0.1,0.1
494,3,2.38,15,16,1,0,0,0,0,0,0,2,1,1,1,0.5,0.1,0.1
495,3,0.33,15,16,-1,0,0,0,-1,-1,-1,1,1,1,1,0.3,0.1,0.1
496,3,3.7,15,16,-1,0,0,0,-1,-1,-1,0,0,0,0,0.4,0.1,0.1
497,3,1.89,2.42,4.67,-1,-1,1,0,-1,-2,-2,2,2,2,1,0.2,0.2,0.5
498,3,4.54,4.67,16,1,-1,0,0,0,-1,-1,1,0,0,0,0.1,0.1,0.1
499,3,0.93,15,16,1,0,0,0,0,0,0,1,0,0,0,0.3,0.1,0.1
500,3,14,15,16,0,0,0,0,0,0,0,1,1,1,1,0.1,0.1,0.1
501,3,0.25,15,16,1,0,0,0,0,0,0,2,1,1,1,0.4,0.1,0.1
502,3,3.51,15,16,1,0,0,0,0,0,0,1,0,0,0,0.1,0.1,0.1
503,3,2.31,15,16,1,0,0,0,0,0,0,2,1,1,1,0.3,0.1,0.1
504,3,0.5,15,16,1,0,0,0,0,0,0,1,0,0,0,0.1,0.1,0.1
505,3,14,15,16,0,0,0,0,0,0,0,1,1,1,1,0.1,0.1,0.1
506,3,14,15,16,0,0,0,0,0,0,0,1,1,1,1,0.1,0.1,0.1
507,3,14,15,16,0,0,0,0,0,0,0,1,1,1,1,0.1,0.1,0.1
508,3,0.0796,15,16,1,0,0,0,0,0,0,1,0,0,0,0.7,0.1,0.1
509,3,14,15,16,0,0,0,0,0,0,0,1,1,1,1,0.1,0.1,0.1
510,3,1.88,15,16,1,0,0,0,0,0,0,2,1,1,1,0.1,0.1,0.1
511,3,14,15,16,0,0,0,0,0,0,0,1,1,1,1,0.1,0.1,0.1
512,3,14,15,16,0,0,0,0,0,0,0,0,0,0,0,0.1,0.1,0.1
513,3,0.0544,15,16,1,0,0,0,0,0,0,2,1,1,1,0.2,0.1,0.1
514,3,14,15,16,0,0,0,0,0,0,0,1,1,1,1,0.1,0.1,0.1
515,3,4.44,15,16,1,0,0,0,0,0,0,2,1,1,1,0.1,0.1,0.1
516,3,14,15,16,0,0,0,0,0,0,0,1,1,1,1,0.1,0.1,0.1
517,3,2.47,15,16,1,0,0,0,0,0,0,1,0,0,0,0.4,0.1,0.1
518,3,14,15,16,0,0,0,0,0,0,0,1,1,1,1,0.1,0.1,0.1
519,3,14,15,16,0,0,0,0,0,0,0,1,1,1,1,0.1,0.1,0.1
520,3,14,15,16,0,0,0,0,0,0,0,1,1,1,1,0.1,0.1,0.1
521,3,1.77,15,16,1,0,0,0,0,0,0,2,1,1,1,0.2,0.1,0.1
522,3,4.26,15,16,1,0,0,0,0,0,0,1,0,0,0,0.1,0.1,0.1
523,3,14,15,16,0,0,0,0,0,0,0,1,1,1,1,0.1,0.1,0.1
524,3,2.99,15,16,1,0,0,0,0,0,0,2,1,1,1,0.6,0.1,0.1
525,3,14,15,16,0,0,0,0,0,0,0,1,1,1,1,0.1,0.1,0.1
526,3,14,15,16,0,0,0,0,0,0,0,0,0,0,0,0.1,0.1,0.1
527,3,14,15,16,0,0,0,0,0,0,0,1,1,1,1,0.1,0.1,0.1
528,3,14,15,16,0,0,0,0,0,0,0,1,1,1,1,0.1,0.1,0.1
529,3,-0.34,1.06,16,1,1,0,0,0,0,0,2,1,0,0,0.2,0.2,0.1
530,3,14,15,16,0,0,0,0,0,0,0,1,1,1,1,0.1,0.1,0.1
531,3,14,15,16,0,0,0,0,0,0,0,0,0,0,0,0.1,0.1,0.1
532,3,0.21,15,16,1,0,0,0,0,0,0,1,0,0,0,0.7,0.1,0.1
533,3,2.36,15,16,1,0,0,0,0,0,0,1,0,0,0,0.7,0.1,0.1
534,3,14,15,16,0,0,0,0,0,0,0,0,0,0,0,0.1,0.1,0.1
535,3,14,15,16,0,0,0,0,0,0,0,1,1,1,1,0.1,0.1,0.1
536,3,3.3,15,16,1,0,0,0,0,0,0,2,1,1,1,0.5,0.1,0.1
537,3,14,15,16,0,0,0,0,0,0,0,1,1,1,1,0.1,0.1,0.1
538,3,3.06,15,16,1,0,0,0,0,0,0,2,1,1,1,0.1,0.1,0.1
539,3,14,15,16,0,0,0,0,0,0,0,0,0,0,0,0.1,0.1,0.1
540,3,2.24,15,16,-1,0,0,0,-1,-1,-1,1,1,1,1,0.2,0.1,0.1
541,3,14,15,16,0,0,0,0,0,0,0,1,1,1,1,0.1,0.1,0.1
542,3,14,15,16,0,0,0,0,0,0,0,1,1,1,1,0.1,0.1,0.1
543,3,2.8,15,16,-1,0,0,0,-1,-1,-1,0,0,0,0,0.1,0.1,0.1
544,3,14,15,16,0,0,0,0,0,0,0,0,0,0,0,0.1,0.1,0.1
545,3,14,15,16,0,0,0,0,0,0,0,2,2,2,2,0.1,0.1,0.1
546,3,14,15,16,0,0,0,0,0,0,0,1,1,1,1,0.1,0.1,0.1
547,3,4.76,15,16,-1,0,0,0,-1,-1,-1,0,0,0,0,0.1,0.1,0.1
548,3,14,15,16,0,0,0,0,0,0,0,1,1,1,1,0.1,0.1,0.1
549,3,3.28,15,16,-1,0,0,0,-1,-1,-1,1,1,1,1,0.1,0.1,0.1
550,3,3.82,15,16,1,0,0,0,0,0,0,1,0,0,0,0.1,0.1,0.1
551,3,1.5,4.4,16,1,1,0,0,0,0,0,2,1,0,0,0.1,0.1,0.1
552,3,14,15,16,0,0,0,0,0,0,0,1,1,1,1,0.1,0.1,0.1
553,3,14,15,16,0,0,0,0,0,0,0,0,0,0,0,0.1,0.1,0.1
554,3,14,15,16,0,0,0,0,0,0,0,1,1,1,1,0.1,0.1,0.1
555,3,14,15,16,0,0,0,0,0,0,0,1,1,1,1,0.1,0.1,0.1
556,3,14,15,16,0,0,0,0,0,0,0,1,1,1,1,0.1,0.1,0.1
557,3,4.31,15,16,-1,0,0,0,-1,-1,-1,0,0,0,0,0.1,0.1,0.1
558,3,3.16,15,16,-1,0,0,0,-1,-1,-1,1,1,1,1,0.4,0.1,0.1
559,3,1.11,15,16,1,0,0,0,0,0,0,2,1,1,1,0.4,0.1,0.1
560,3,14,15,16,0,0,0,0,0,0,0,1,1,1,1,0.1,0.1,0.1
561,3,14,15,16,0,0,0,0,0,0,0,0,0,0,0,0.1,0.1,0.1
562,3,4.43,15,16,-1,0,0,0,-1,-1,-1,1,1,1,1,0.1,0.1,0.1
563,3,3.58,15,16,1,0,0,0,0,0,0,1,0,0,0,0.5,0.1,0.1
564,3,14,15,16,0,0,0,0,0,0,0,1,1,1,1,0.1,0.1,0.1
565,3,14,15,16,0,0,0,0,0,0,0,1,1,1,1,0.1,0.1,0.1
566,3,2.69,15,16,1,0,0,0,0,0,0,2,1,1,1,0.5,0.1,0.1
567,3,5.11,15,16,-1,0,0,0,-1,-1,-1,0,0,0,0,0.1,0.1,0.1
568,3,4.33,15,16,1,0,0,0,0,0,0,1,0,0,0,0.1,0.1,0.1
569,3,0.86,15,16,1,0,0,0,0,0,0,1,0,0,0,0.2,0.1,0.1
570,3,2.73,15,16,1,0,0,0,0,0,0,1,0,0,0,0.7,0.1,0.1
571,3,0.77,15,16,1,0,0,0,0,0,0,2,1,1,1,0.3,0.1,0.1
572,3,14,15,16,0,0,0,0,0,0,0,0,0,0,0,0.1,0.1,0.1
573,3,14,15,16,0,0,0,0,0,0,0,0,0,0,0,0.1,0.1,0.1
574,3,14,15,16,0,0,0,0,0,0,0,0,0,0,0,0.1,0.1,0.1
575,3,3.5,15,16,-1,0,0,0,-1,-1,-1,0,0,0,0,0.36,0.1,0.1
576,3,0.58,15,16,1,0,0,0,0,0,0,2,1,1,1,0.4,0.1,0.1
577,3,14,15,16,0,0,0,0,0,0,0,0,0,0,0,0.1,0.1,0.1
578,3,5.12,15,16,1,0,0,0,0,0,0,1,0,0,0,0.3,0.1,0.1
579,3,1.11,5.04,16,-1,1,0,0,-1,-1,-1,1,1,0,0,0.5,0.1,0.1
580,3,2.22,15,16,1,0,0,0,0,0,0,2,1,1,1,0.5,0.1,0.1
581,3,3.4,15,16,1,0,0,0,0,0,0,2,1,1,1,0.5,0.1,0.1
582,3,14,15,16,0,0,0,0,0,0,0,1,1,1,1,0.1,0.1,0.1
583,3,14,15,16,0,0,0,0,0,0,0,0,0,0,0,0.1,0.1,0.1
584,3,5.4,15,16,1,0,0,0,0,0,0,1,0,0,0,0.3,0.1,0.1
585,3,0.32,3.21,16,1,-1,0,0,0,-1,-1,1,0,0,0,0.5,0.36,0.1
586,3,14,15,16,0,0,0,0,0,0,0,0,0,0,0,0.1,0.1,0.1
587,3,2.4,15,16,1,0,0,0,0,0,0,1,0,0,0,0.7,0.1,0.1
588,3,2.53,15,16,1,0,0,0,0,0,0,1,0,0,0,0.1,0.1,0.1
589,3,4.72,15,16,-1,0,0,0,-1,-1,-1,1,1,1,1,0.1,0.1,0.1
590,3,14,15,16,0,0,0,0,0,0,0,1,1,1,1,0.1,0.1,0.1
591,3,14,15,16,0,0,0,0,0,0,0,0,0,0,0,0.1,0.1,0.1
592,3,14,15,16,0,0,0,0,0,0,0,1,1,1,1,0.1,0.1,0.1
593,3,1.92,15,16,1,0,0,0,0,0,0,2,1,1,1,0.3,0.1,0.1
594,3,14,15,16,0,0,0,0,0,0,0,0,0,0,0,0.1,0.1,0.1
595,3,1.22,15,16,1,0,0,0,0,0,0,1,0,0,0,0.3,0.1,0.1
596,3,14,15,16,0,0,0,0,0,0,0,1,1,1,1,0.1,0.1,0.1
597,3,14,15,16,0,0,0,0,0,0,0,1,1,1,1,0.1,0.1,0.1
598,3,14,15,16,0,0,0,0,0,0,0,1,1,1,1,0.1,0.1,0.1
599,3,14,15,16,0,0,0,0,0,0,0,1,1,1,1,0.1,0.1,0.1
600,3,14,15,16,0,0,0,0,0,0,0,0,0,0,0,0.1,0.1,0.1
601,3,14,15,16,0,0,0,0,0,0,0,0,0,0,0,0.1,0.1,0.1
602,3,14,15,16,0,0,0,0,0,0,0,0,0,0,0,0.1,0.1,0.1
603,3,14,15,16,0,0,0,0,0,0,0,1,1,1,1,0.1,0.1,0.1
604,3,3.23,15,16,-1,0,0,0,-1,-1,-1,0,0,0,0,0.1,0.1,0.1
605,3,1.42,15,16,1,0,0,0,0,0,0,1,0,0,0,0.7,0.1,0.1
606,3,0.51,3.62,16,1,1,0,0,0,0,0,2,1,0,0,0.7,0.1,0.1
607,3,14,15,16,0,0,0,0,0,0,0,1,1,1,1,0.1,0.1,0.1
608,3,1.15,15,16,1,0,0,0,0,0,0,1,0,0,0,0.2,0.1,0.1
609,3,14,15,16,0,0,0,0,0,0,0,1,1,1,1,0.1,0.1,0.1
610,3,14,15,16,0,0,0,0,0,0,0,0,0,0,0,0.1,0.1,0.1
611,3,14,15,16,0,0,0,0,0,0,0,1,1,1,1,0.1,0.1,0.1
612,3,4.41,15,16,-1,0,0,0,-1,-1,-1,0,0,0,0,0.1,0.1,0.1
613,3,3.56,15,16,1,0,0,0,0,0,0,2,1,1,1,0.13,0.1,0.1
614,3,2.03,4.43,16,-1,-1,0,0,-1,-2,-2,1,1,1,1,0.6,0.1,0.1
615,3,0.18,15,16,1,0,0,0,0,0,0,2,1,1,1,0.4,0.1,0.1
616,3,14,15,16,0,0,0,0,0,0,0,1,1,1,1,0.1,0.1,0.1
617,3,14,15,16,0,0,0,0,0,0,0,1,1,1,1,0.1,0.1,0.1
618,3,14,15,16,0,0,0,0,0,0,0,1,1,1,1,0.1,0.1,0.1
619,3,4.5,15,16,-1,0,0,0,-1,-1,-1,0,0,0,0,1,0.1,0.1
620,3,1.62,15,16,1,0,0,0,0,0,0,2,1,1,1,0.5,0.1,0.1
621,3,14,15,16,0,0,0,0,0,0,0,1,1,1,1,0.1,0.1,0.1
622,3,2.21,15,16,-1,0,0,0,-1,-1,-1,1,1,1,1,0.2,0.1,0.1
623,3,2.8,15,16,-1,0,0,0,-1,-1,-1,0,0,0,0,0.1,0.1,0.1
624,3,4.29,15,16,-1,0,0,0,-1,-1,-1,0,0,0,0,0.2,0.1,0.1
625,3,-0.25,15,16,-1,0,0,0,-1,-1,-1,1,1,1,1,0.2,0.1,0.1
626,3,1.62,15,16,1,0,0,0,0,0,0,1,0,0,0,0.5,0.1,0.1
627,3,4.27,15,16,1,0,0,0,0,0,0,1,0,0,0,0.2,0.1,0.1
628,3,14,15,16,0,0,0,0,0,0,0,0,0,0,0,0.1,0.1,0.1
629,3,1.44,15,16,1,0,0,0,0,0,0,1,0,0,0,0.28,0.1,0.1
630,3,14,15,16,0,0,0,0,0,0,0,1,1,1,1,0.1,0.1,0.1
631,3,14,15,16,0,0,0,0,0,0,0,1,1,1,1,0.1,0.1,0.1
632,3,5.54,15,16,1,0,0,0,0,0,0,1,0,0,0,0.1,0.1,0.1
633,3,14,15,16,0,0,0,0,0,0,0,0,0,0,0,0.1,0.1,0.1
634,3,14,15,16,0,0,0,0,0,0,0,1,1,1,1,0.1,0.1,0.1
635,3,14,15,16,0,0,0,0,0,0,0,1,1,1,1,0.1,0.1,0.1
636,3,-0.23,3.49,16,1,1,0,0,0,0,0,3,2,1,1,0.32,0.4,0.1
637,3,2.09,4.99,16,1,1,0,0,0,0,0,3,2,1,1,0.5,0.4,0.1
638,3,14,15,16,0,0,0,0,0,0,0,1,1,1,1,0.1,0.1,0.1
639,3,14,15,16,0,0,0,0,0,0,0,0,0,0,0,0.1,0.1,0.1
640,3,14,15,16,0,0,0,0,0,0,0,0,0,0,0,0.1,0.1,0.1
641,3,4.5,5.44,16,-1,1,0,0,-1,-1,-1,1,1,0,0,1,0.7,0.1
642,3,14,15,16,0,0,0,0,0,0,0,1,1,1,1,0.1,0.1,0.1
643,3,1.74,15,16,1,0,0,0,0,0,0,2,1,1,1,0.2,0.1,0.1
644,3,2.61,15,16,1,0,0,0,0,0,0,2,1,1,1,0.7,0.1,0.1
645,3,2.29,15,16,-1,0,0,0,-1,-1,-1,1,1,1,1,0.16,0.1,0.1
646,3,14,15,16,0,0,0,0,0,0,0,1,1,1,1,0.1,0.1,0.1
647,3,14,15,16,0,0,0,0,0,0,0,0,0,0,0,0.1,0.1,0.1
648,3,2.21,3.17,16,-1,-1,0,0,-1,-2,-2,1,1,1,1,0.1,0.1,0.1
649,3,2.47,15,16,-1,0,0,0,-1,-1,-1,1,1,1,1,0.24,0.1,0.1
650,3,2.69,15,16,1,0,0,0,0,0,0,1,0,0,0,0.7,0.1,0.1
651,3,5.05,15,16,1,0,0,0,0,0,0,1,0,0,0,0.1,0.1,0.1
652,3,3.93,15,16,1,0,0,0,0,0,0,2,1,1,1,0.13,0.1,0.1
653,3,14,15,16,0,0,0,0,0,0,0,1,1,1,1,0.1,0.1,0.1
654,3,2.4,3.2,16,1,1,0,0,0,0,0,3,2,1,1,0.1,0.1,0.1
655,3,4.25,15,16,-1,0,0,0,-1,-1,-1,1,1,1,1,0.1,0.1,0.1
656,3,14,15,16,0,0,0,0,0,0,0,1,1,1,1,0.1,0.1,0.1
657,3,14,15,16,0,0,0,0,0,0,0,1,1,1,1,0.1,0.1,0.1
658,3,4.51,15,16,-1,0,0,0,-1,-1,-1,0,0,0,0,0.1,0.1,0.1
659,3,14,15,16,0,0,0,0,0,0,0,0,0,0,0,0.1,0.1,0.1
660,3,1.37,15,16,1,0,0,0,0,0,0,1,0,0,0,0.1,0.1,0.1
661,3,14,15,16,0,0,0,0,0,0,0,0,0,0,0,0.1,0.1,0.1
662,3,14,15,16,0,0,0,0,0,0,0,1,1,1,1,0.1,0.1,0.1
663,3,14,15,16,0,0,0,0,0,0,0,1,1,1,1,0.1,0.1,0.1
664,3,14,15,16,0,0,0,0,0,0,0,1,1,1,1,0.1,0.1,0.1
665,3,1.7,4.71,16,-1,1,0,0,-1,-1,-1,1,1,0,0,0.36,0.29,0.1
666,3,14,15,16,0,0,0,0,0,0,0,1,1,1,1,0.1,0.1,0.1
667,3,3.73,15,16,1,0,0,0,0,0,0,2,1,1,1,0.1,0.1,0.1
668,3,2.28,15,16,-1,0,0,0,-1,-1,-1,1,1,1,1,0.26,0.1,0.1
669,3,14,15,16,0,0,0,0,0,0,0,0,0,0,0,0.1,0.1,0.1
670,3,2.27,15,16,-1,0,0,0,-1,-1,-1,0,0,0,0,0.22,0.1,0.1
671,3,14,15,16,0,0,0,0,0,0,0,1,1,1,1,0.1,0.1,0.1
672,3,14,15,16,0,0,0,0,0,0,0,1,1,1,1,0.1,0.1,0.1
673,3,14,15,16,0,0,0,0,0,0,0,2,2,2,2,0.1,0.1,0.1
674,3,14,15,16,0,0,0,0,0,0,0,1,1,1,1,0.1,0.1,0.1
675,3,14,15,16,0,0,0,0,0,0,0,0,0,0,0,0.1,0.1,0.1
676,3,14,15,16,0,0,0,0,0,0,0,0,0,0,0,0.1,0.1,0.1
677,3,3.44,15,16,1,0,0,0,0,0,0,2,1,1,1,0.5,0.1,0.1
678,3,14,15,16,0,0,0,0,0,0,0,1,1,1,1,0.1,0.1,0.1
679,3,14,15,16,0,0,0,0,0,0,0,0,0,0,0,0.1,0.1,0.1
680,3,0.5,15,16,1,0,0,0,0,0,0,1,0,0,0,0.7,0.1,0.1
681,3,1.25,15,16,1,0,0,0,0,0,0,1,0,0,0,0.2,0.1,0.1
682,3,14,15,16,0,0,0,0,0,0,0,0,0,0,0,0.1,0.1,0.1
683,3,0.8,4.28,16,1,-1,0,0,0,-1,-1,1,0,0,0,0.1,0.1,0.1
684,3,14,15,16,0,0,0,0,0,0,0,0,0,0,0,0.1,0.1,0.1
685,3,0.25,15,16,1,0,0,0,0,0,0,2,1,1,1,0.2,0.1,0.1
686,3,3.39,15,16,-1,0,0,0,-1,-1,-1,0,0,0,0,0.1,0.1,0.1
687,3,14,15,16,0,0,0,0,0,0,0,1,1,1,1,0.1,0.1,0.1
688,3,14,15,16,0,0,0,0,0,0,0,0,0,0,0,0.1,0.1,0.1
689,3,14,15,16,0,0,0,0,0,0,0,0,0,0,0,0.1,0.1,0.1
690,3,14,15,16,0,0,0,0,0,0,0,1,1,1,1,0.1,0.1,0.1
691,3,3.45,4.77,16,-1,-1,0,0,-1,-2,-2,0,0,0,0,0.1,0.1,0.1
692,3,14,15,16,0,0,0,0,0,0,0,1,1,1,1,0.1,0.1,0.1
693,3,3.3,15,16,1,0,0,0,0,0,0,1,0,0,0,0.1,0.1,0.1
694,3,0.38,15,16,1,0,0,0,0,0,0,2,1,1,1,0.5,0.1,0.1
695,3,14,15,16,0,0,0,0,0,0,0,1,1,1,1,0.1,0.1,0.1
696,3,5.16,15,16,1,0,0,0,0,0,0,1,0,0,0,0.1,0.1,0.1
697,3,2.12,15,16,1,0,0,0,0,0,0,2,1,1,1,0.1,0.1,0.1
698,3,3.14,15,16,1,0,0,0,0,0,0,2,1,1,1,0.2,0.1,0.1
699,3,14,15,16,0,0,0,0,0,0,0,1,1,1,1,0.1,0.1,0.1
700,3,-0.29,4.64,16,1,-1,0,0,0,-1,-1,1,0,0,0,0.4,0.1,0.1
701,3,14,15,16,0,0,0,0,0,0,0,0,0,0,0,0.1,0.1,0.1
702,3,2.63,15,16,1,0,0,0,0,0,0,2,1,1,1,0.1,0.1,0.1
703,3,14,15,16,0,0,0,0,0,0,0,1,1,1,1,0.1,0.1,0.1
704,3,-0.18,5.09,16,1,1,0,0,0,0,0,2,1,0,0,0.1,0.1,0.1
705,3,14,15,16,0,0,0,0,0,0,0,0,0,0,0,0.1,0.1,0.1
706,3,4.69,4.75,16,1,1,0,0,0,0,0,2,1,0,0,0.1,0.1,0.1
707,3,0.98,15,16,1,0,0,0,0,0,0,2,1,1,1,0.5,0.1,0.1
708,3,14,15,16,0,0,0,0,0,0,0,1,1,1,1,0.1,0.1,0.1
709,3,3.16,15,16,1,0,0,0,0,0,0,2,1,1,1,0.7,0.1,0.1
710,3,4.77,15,16,1,0,0,0,0,0,0,2,1,1,1,0.49,0.1,0.1
711,3,3.99,15,16,1,0,0,0,0,0,0,2,1,1,1,0.61,0.1,0.1
712,3,14,15,16,0,0,0,0,0,0,0,0,0,0,0,0.1,0.1,0.1
713,3,14,15,16,0,0,0,0,0,0,0,0,0,0,0,0.1,0.1,0.1
714,3,0.13,15,16,1,0,0,0,0,0,0,1,0,0,0,0.2,0.1,0.1
715,3,4.17,15,16,1,0,0,0,0,0,0,2,1,1,1,0.2,0.1,0.1
716,3,14,15,16,0,0,0,0,0,0,0,1,1,1,1,0.1,0.1,0.1
717,3,14,15,16,0,0,0,0,0,0,0,1,1,1,1,0.1,0.1,0.1
718,3,1.21,15,16,1,0,0,0,0,0,0,1,0,0,0,0.1,0.1,0.1
719,3,4.77,15,16,1,0,0,0,0,0,0,2,1,1,1,0.49,0.1,0.1
720,3,14,15,16,0,0,0,0,0,0,0,1,1,1,1,0.1,0.1,0.1
721,3,4.03,15,16,1,0,0,0,0,0,0,2,1,1,1,0.5,0.1,0.1
722,3,5.3,15,16,1,0,0,0,0,0,0,1,0,0,0,0.26,0.1,0.1
723,3,14,15,16,0,0,0,0,0,0,0,0,0,0,0,0.1,0.1,0.1
724,3,14,15,16,0,0,0,0,0,0,0,1,1,1,1,0.1,0.1,0.1
725,3,4.33,15,16,-1,0,0,0,-1,-1,-1,0,0,0,0,0.38,0.1,0.1
726,3,1.31,4.88,16,1,1,0,0,0,0,0,2,1,0,0,0.1,0.5,0.1
727,3,14,15,16,0,0,0,0,0,0,0,1,1,1,1,0.1,0.1,0.1
728,3,14,15,16,0,0,0,0,0,0,0,1,1,1,1,0.1,0.1,0.1
729,3,14,15,16,0,0,0,0,0,0,0,0,0,0,0,0.1,0.1,0.1
730,3,14,15,16,0,0,0,0,0,0,0,1,1,1,1,0.1,0.1,0.1
731,3,14,15,16,0,0,0,0,0,0,0,1,1,1,1,0.1,0.1,0.1
732,3,2.28,15,16,1,0,0,0,0,0,0,2,1,1,1,0.7,0.1,0.1
733,3,14,15,16,0,0,0,0,0,0,0,0,0,0,0,0.1,0.1,0.1
734,3,14,15,16,0,0,0,0,0,0,0,1,1,1,1,0.1,0.1,0.1
735,3,4.73,15,16,-1,0,0,0,-1,-1,-1,0,0,0,0,0.33,0.1,0.1
736,3,0.71,1.93,16,1,1,0,0,0,0,0,3,2,1,1,0.5,0.5,0.1
737,3,2.96,15,16,1,0,0,0,0,0,0,1,0,0,0,0.1,0.1,0.1
738,3,1.19,15,16,1,0,0,0,0,0,0,1,0,0,0,0.5,0.1,0.1
739,3,14,15,16,0,0,0,0,0,0,0,1,1,1,1,0.1,0.1,0.1
740,3,0.57,15,16,1,0,0,0,0,0,0,2,1,1,1,0.4,0.1,0.1
741,3,4.26,15,16,-1,0,0,0,-1,-1,-1,0,0,0,0,0.1,0.1,0.1
742,3,14,15,16,0,0,0,0,0,0,0,0,0,0,0,0.1,0.1,0.1
743,3,2.38,15,16,1,0,0,0,0,0,0,2,1,1,1,0.7,0.1,0.1
744,3,14,15,16,0,0,0,0,0,0,0,1,1,1,1,0.1,0.1,0.1
745,3,5.41,15,16,1,0,0,0,0,0,0,1,0,0,0,0.2,0.1,0.1
746,3,4.73,15,16,-1,0,0,0,-1,-1,-1,0,0,0,0,0.33,0.1,0.1
747,3,14,15,16,0,0,0,0,0,0,0,1,1,1,1,0.1,0.1,0.1
748,3,0.94,15,16,1,0,0,0,0,0,0,2,1,1,1,0.7,0.1,0.1
749,3,14,15,16,0,0,0,0,0,0,0,1,1,1,1,0.1,0.1,0.1
750,3,14,15,16,0,0,0,0,0,0,0,1,1,1,1,0.1,0.1,0.1
751,3,14,15,16,0,0,0,0,0,0,0,1,1,1,1,0.1,0.1,0.1
752,3,2.97,15,16,1,0,0,0,0,0,0,1,0,0,0,0.2,0.1,0.1
753,3,14,15,16,0,0,0,0,0,0,0,1,1,1,1,0.1,0.1,0.1
754,3,1.79,15,16,1,0,0,0,0,0,0,1,0,0,0,0.1,0.1,0.1
755,3,14,15,16,0,0,0,0,0,0,0,0,0,0,0,0.1,0.1,0.1
756,3,4.54,15,16,1,0,0,0,0,0,0,2,1,1,1,0.4,0.1,0.1
757,3,1.25,15,16,1,0,0,0,0,0,0,1,0,0,0,0.4,0.1,0.1
758,3,14,15,16,0,0,0,0,0,0,0,1,1,1,1,0.1,0.1,0.1
759,3,14,15,16,0,0,0,0,0,0,0,1,1,1,1,0.1,0.1,0.1
760,3,14,15,16,0,0,0,0,0,0,0,1,1,1,1,0.1,0.1,0.1
761,3,5.54,15,16,1,0,0,0,0,0,0,1,0,0,0,0.3,0.1,0.1
762,3,3.77,15,16,1,0,0,0,0,0,0,2,1,1,1,0.1,0.1,0.1
763,3,14,15,16,0,0,0,0,0,0,0,1,1,1,1,0.1,0.1,0.1
764,3,2.29,4.57,16,1,1,0,0,0,0,0,3,2,1,1,0.4,0.1,0.1
765,3,14,15,16,0,0,0,0,0,0,0,1,1,1,1,0.1,0.1,0.1
766,3,14,15,16,0,0,0,0,0,0,0,1,1,1,1,0.1,0.1,0.1
767,3,14,15,16,0,0,0,0,0,0,0,1,1,1,1,0.1,0.1,0.1
768,3,14,15,16,0,0,0,0,0,0,0,1,1,1,1,0.1,0.1,0.1
769,3,14,15,16,0,0,0,0,0,0,0,1,1,1,1,0.1,0.1,0.1
770,3,4.63,15,16,-1,0,0,0,-1,-1,-1,0,0,0,0,0.1,0.1,0.1
771,3,-0.25,15,16,1,0,0,0,0,0,0,2,1,1,1,0.1,0.1,0.1
772,3,5.25,15,16,-1,0,0,0,-1,-1,-1,0,0,0,0,0.1,0.1,0.1
773,3,1.44,15,16,1,0,0,0,0,0,0,2,1,1,1,0.2,0.1,0.1
774,3,14,15,16,0,0,0,0,0,0,0,0,0,0,0,0.1,0.1,0.1
775,3,0.84,2.53,16,1,1,0,0,0,0,0,3,2,1,1,0.2,0.4,0.1
776,3,14,15,16,0,0,0,0,0,0,0,1,1,1,1,0.1,0.1,0.1
777,3,0.92,4.92,16,1,1,0,0,0,0,0,2,1,0,0,0.2,0.11,0.1
778,3,0.0793,0.86,16,1,1,0,0,0,0,0,2,1,0,0,0.5,0.5,0.1
779,3,14,15,16,0,0,0,0,0,0,0,1,1,1,1,0.1,0.1,0.1
780,3,5.42,15,16,1,0,0,0,0,0,0,1,0,0,0,0.1,0.1,0.1
781,3,14,15,16,0,0,0,0,0,0,0,0,0,0,0,0.1,0.1,0.1
782,3,0.74,15,16,1,0,0,0,0,0,0,1,0,0,0,0.5,0.1,0.1
783,3,4.28,15,16,-1,0,0,0,-1,-1,-1,0,0,0,0,0.1,0.1,0.1
784,3,14,15,16,0,0,0,0,0,0,0,0,0,0,0,0.1,0.1,0.1
785,3,14,15,16,0,0,0,0,0,0,0,1,1,1,1,0.1,0.1,0.1
786,3,2.3,15,16,-1,0,0,0,-1,-1,-1,1,1,1,1,0.1,0.1,0.1
787,3,1.22,15,16,1,0,0,0,0,0,0,1,0,0,0,0.7,0.1,0.1
788,3,0.57,15,16,1,0,0,0,0,0,0,2,1,1,1,0.2,0.1,0.1
789,3,14,15,16,0,0,0,0,0,0,0,1,1,1,1,0.1,0.1,0.1
790,3,3.26,15,16,1,0,0,0,0,0,0,1,0,0,0,0.2,0.1,0.1
791,3,14,15,16,0,0,0,0,0,0,0,1,1,1,1,0.1,0.1,0.1
792,3,4.96,15,16,1,0,0,0,0,0,0,1,0,0,0,0.1,0.1,0.1
793,3,14,15,16,0,0,0,0,0,0,0,1,1,1,1,0.1,0.1,0.1
794,3,14,15,16,0,0,0,0,0,0,0,1,1,1,1,0.1,0.1,0.1
795,3,0.65,1.55,16,1,1,0,0,0,0,0,3,2,1,1,0.2,0.5,0.1
796,3,14,15,16,0,0,0,0,0,0,0,1,1,1,1,0.1,0.1,0.1
797,3,14,15,16,0,0,0,0,0,0,0,1,1,1,1,0.1,0.1,0.1
798,3,4.67,15,16,1,0,0,0,0,0,0,1,0,0,0,0.7,0.1,0.1
799,3,14,15,16,0,0,0,0,0,0,0,1,1,1,1,0.1,0.1,0.1
800,3,1.59,15,16,1,0,0,0,0,0,0,2,1,1,1,0.39,0.1,0.1
801,3,14,15,16,0,0,0,0,0,0,0,1,1,1,1,0.1,0.1,0.1
802,3,1.1,15,16,1,0,0,0,0,0,0,2,1,1,1,0.2,0.1,0.1
803,3,3.12,3.73,16,1,1,0,0,0,0,0,2,1,0,0,0.1,0.1,0.1
804,3,14,15,16,0,0,0,0,0,0,0,1,1,1,1,0.1,0.1,0.1
805,3,0.72,15,16,1,0,0,0,0,0,0,1,0,0,0,0.5,0.1,0.1
806,3,14,15,16,0,0,0,0,0,0,0,1,1,1,1,0.1,0.1,0.1
807,3,5.32,15,16,1,0,0,0,0,0,0,1,0,0,0,0.1,0.1,0.1
808,3,14,15,16,0,0,0,0,0,0,0,0,0,0,0,0.1,0.1,0.1
809,3,14,15,16,0,0,0,0,0,0,0,1,1,1,1,0.1,0.1,0.1
810,3,14,15,16,0,0,0,0,0,0,0,1,1,1,1,0.1,0.1,0.1
811,3,2.85,3.65,16,1,1,0,0,0,0,0,3,2,1,1,0.1,0.1,0.1
812,3,1.15,15,16,1,0,0,0,0,0,0,1,0,0,0,0.5,0.1,0.1
813,3,4.03,15,16,1,0,0,0,0,0,0,2,1,1,1,0.5,0.1,0.1
814,3,14,15,16,0,0,0,0,0,0,0,0,0,0,0,0.1,0.1,0.1
815,3,3.01,15,16,-1,0,0,0,-1,-1,-1,0,0,0,0,0.63,0.1,0.1
816,3,14,15,16,0,0,0,0,0,0,0,1,1,1,1,0.1,0.1,0.1
817,3,3.36,15,16,1,0,0,0,0,0,0,2,1,1,1,0.1,0.1,0.1
818,3,14,15,16,0,0,0,0,0,0,0,1,1,1,1,0.1,0.1,0.1
819,3,1.32,4.59,16,1,1,0,-1,-1,-1,-1,2,1,0,0,0.5,0.3,0.1
820,3,14,15,16,0,0,0,0,0,0,0,1,1,1,1,0.1,0.1,0.1
821,3,14,15,16,0,0,0,0,0,0,0,1,1,1,1,0.1,0.1,0.1
822,3,14,15,16,0,0,0,0,0,0,0,1,1,1,1,0.1,0.1,0.1
823,3,14,15,16,0,0,0,0,0,0,0,1,1,1,1,0.1,0.1,0.1
824,3,14,15,16,0,0,0,0,0,0,0,0,0,0,0,0.1,0.1,0.1
825,3,2.7,3.87,16,1,1,0,0,0,0,0,3,2,1,1,0.2,0.5,0.1
826,3,14,15,16,0,0,0,0,0,0,0,1,1,1,1,0.1,0.1,0.1
827,3,14,15,16,0,0,0,0,0,0,0,1,1,1,1,0.1,0.1,0.1
828,3,-0.32,15,16,1,0,0,0,0,0,0,2,1,1,1,0.1,0.1,0.1
829,3,2.61,3.87,16,1,1,0,0,0,0,0,3,2,1,1,0.2,0.5,0.1
830,3,14,15,16,0,0,0,0,0,0,0,2,2,2,2,0.1,0.1,0.1
831,3,4.51,15,16,1,0,0,0,0,0,0,2,1,1,1,0.1,0.1,0.1
832,3,14,15,16,0,0,0,0,0,0,0,0,0,0,0,0.1,0.1,0.1
833,3,1.13,3.85,16,1,1,0,0,0,0,0,2,1,0,0,0.1,0.1,0.1
834,3,14,15,16,0,0,0,0,0,0,0,1,1,1,1,0.1,0.1,0.1
835,3,14,15,16,0,0,0,0,0,0,0,0,0,0,0,0.1,0.1,0.1
836,3,3.94,15,16,1,0,0,0,0,0,0,2,1,1,1,0.7,0.1,0.1
837,3,3.24,4.8,16,1,1,0,0,0,0,0,2,1,0,0,0.1,0.1,0.1
838,3,14,15,16,0,0,0,0,0,0,0,1,1,1,1,0.1,0.1,0.1
839,3,14,15,16,0,0,0,0,0,0,0,0,0,0,0,0.1,0.1,0.1
840,3,2.3,15,16,1,0,0,0,0,0,0,1,0,0,0,0.7,0.1,0.1
841,3,2.59,15,16,1,0,0,0,0,0,0,1,0,0,0,0.7,0.1,0.1
842,3,14,15,16,0,0,0,0,0,0,0,1,1,1,1,0.1,0.1,0.1
843,3,14,15,16,0,0,0,0,0,0,0,0,0,0,0,0.1,0.1,0.1
844,3,2.09,15,16,1,0,0,0,0,0,0,1,0,0,0,0.3,0.1,0.1
845,3,14,15,16,0,0,0,0,0,0,0,1,1,1,1,0.1,0.1,0.1
846,3,14,15,16,0,0,0,0,0,0,0,0,0,0,0,0.1,0.1,0.1
847,3,3.35,15,16,1,0,0,0,0,0,0,1,0,0,0,0.1,0.1,0.1
848,3,14,15,16,0,0,0,0,0,0,0,1,1,1,1,0.1,0.1,0.1
849,3,0.12,15,16,1,0,0,0,0,0,0,1,0,0,0,0.7,0.1,0.1
850,3,14,15,16,0,0,0,0,0,0,0,0,0,0,0,0.1,0.1,0.1
851,3,14,15,16,0,0,0,0,0,0,0,0,0,0,0,0.1,0.1,0.1
852,3,2.06,15,16,1,0,0,0,0,0,0,1,0,0,0,0.4,0.1,0.1
853,3,4.46,15,16,1,0,0,0,0,0,0,2,1,1,1,0.1,0.1,0.1
854,3,14,15,16,0,0,0,0,0,0,0,0,0,0,0,0.1,0.1,0.1
855,3,4.5,15,16,-1,0,0,0,-1,-1,-1,2,2,2,2,1,0.1,0.1
856,3,14,15,16,0,0,0,0,0,0,0,0,0,0,0,0.1,0.1,0.1
857,3,14,15,16,0,0,0,0,0,0,0,0,0,0,0,0.1,0.1,0.1
858,3,14,15,16,0,0,0,0,0,0,0,0,0,0,0,0.1,0.1,0.1
859,3,3.5,15,16,-1,0,0,0,-1,-1,-1,0,0,0,0,0.2,0.1,0.1
860,3,0.52,15,16,1,0,0,0,0,0,0,1,0,0,0,0.7,0.1,0.1
861,3,14,15,16,0,0,0,0,0,0,0,0,0,0,0,0.1,0.1,0.1
862,3,14,15,16,0,0,0,0,0,0,0,1,1,1,1,0.1,0.1,0.1
863,3,0.94,15,16,1,0,0,0,0,0,0,1,0,0,0,0.4,0.1,0.1
864,3,0.38,15,16,1,0,0,0,0,0,0,2,1,1,1,0.2,0.1,0.1
865,3,0.31,15,16,1,0,0,0,0,0,0,1,0,0,0,0.7,0.1,0.1
866,3,14,15,16,0,0,0,0,0,0,0,1,1,1,1,0.1,0.1,0.1
867,3,14,15,16,0,0,0,0,0,0,0,0,0,0,0,0.1,0.1,0.1
868,3,14,15,16,0,0,0,0,0,0,0,0,0,0,0,0.1,0.1,0.1
869,3,14,15,16,0,0,0,0,0,0,0,1,1,1,1,0.1,0.1,0.1
870,3,14,15,16,0,0,0,0,0,0,0,1,1,1,1,0.1,0.1,0.1
871,3,1.24,3.61,16,1,1,0,0,0,0,0,2,1,0,0,0.7,0.1,0.1
872,3,1.55,15,16,1,0,0,0,0,0,0,1,0,0,0,0.5,0.1,0.1
873,3,4.21,15,16,1,0,0,0,0,0,0,2,1,1,1,0.13,0.1,0.1
874,3,14,15,16,0,0,0,0,0,0,0,1,1,1,1,0.1,0.1,0.1
875,3,4.23,15,16,-1,0,0,0,-1,-1,-1,0,0,0,0,0.1,0.1,0.1
876,3,14,15,16,0,0,0,0,0,0,0,1,1,1,1,0.1,0.1,0.1
877,3,5.39,15,16,1,0,0,0,0,0,0,1,0,0,0,0.63,0.1,0.1
878,3,14,15,16,0,0,0,0,0,0,0,2,2,2,2,0.1,0.1,0.1
879,3,14,15,16,0,0,0,0,0,0,0,1,1,1,1,0.1,0.1,0.1
880,3,3.96,15,16,-1,0,0,0,-1,-1,-1,0,0,0,0,0.3,0.1,0.1
881,3,14,15,16,0,0,0,0,0,0,0,1,1,1,1,0.1,0.1,0.1
882,3,14,15,16,0,0,0,0,0,0,0,1,1,1,1,0.1,0.1,0.1
883,3,14,15,16,0,0,0,0,0,0,0,0,0,0,0,0.1,0.1,0.1
884,3,14,15,16,0,0,0,0,0,0,0,1,1,1,1,0.1,0.1,0.1
885,3,14,15,16,0,0,0,0,0,0,0,1,1,1,1,0.1,0.1,0.1
886,3,1.49,15,16,1,0,0,0,0,0,0,1,0,0,0,0.2,0.1,0.1
887,3,1.77,15,16,1,0,0,0,0,0,0,2,1,1,1,0.2,0.1,0.1
888,3,14,15,16,0,0,0,0,0,0,0,1,1,1,1,0.1,0.1,0.1
889,3,3.14,15,16,-1,0,0,0,-1,-1,-1,1,1,1,1,0.1,0.1,0.1
890,3,14,15,16,0,0,0,0,0,0,0,1,1,1,1,0.1,0.1,0.1
891,3,14,15,16,0,0,0,0,0,0,0,1,1,1,1,0.1,0.1,0.1
892,3,2.39,3.64,16,1,1,0,0,0,0,0,2,1,0,0,0.1,0.3,0.1
893,3,0.55,15,16,1,0,0,0,0,0,0,1,0,0,0,0.2,0.1,0.1
894,3,14,15,16,0,0,0,0,0,0,0,1,1,1,1,0.1,0.1,0.1
895,3,14,15,16,0,0,0,0,0,0,0,0,0,0,0,0.1,0.1,0.1
896,3,0.36,3.49,16,1,-1,0,0,0,-1,-1,1,0,0,0,0.7,0.2,0.1
897,3,14,15,16,0,0,0,0,0,0,0,0,0,0,0,0.1,0.1,0.1
898,3,3,15,16,-1,0,0,0,-1,-1,-1,0,0,0,0,0.1,0.1,0.1
899,3,14,15,16,0,0,0,0,0,0,0,1,1,1,1,0.1,0.1,0.1
900,3,3.94,15,16,1,0,0,0,0,0,0,2,1,1,1,0.7,0.1,0.1
901,3,2.99,15,16,-1,0,0,0,-1,-1,-1,0,0,0,0,0.58,0.1,0.1
902,3,14,15,16,0,0,0,0,0,0,0,1,1,1,1,0.1,0.1,0.1
903,3,14,15,16,0,0,0,0,0,0,0,1,1,1,1,0.1,0.1,0.1
904,3,5.4,15,16,1,0,0,0,0,0,0,2,1,1,1,0.1,0.1,0.1
905,3,14,15,16,0,0,0,0,0,0,0,1,1,1,1,0.1,0.1,0.1
906,3,14,15,16,0,0,0,0,0,0,0,1,1,1,1,0.1,0.1,0.1
907,3,2.97,15,16,1,0,0,0,0,0,0,1,0,0,0,0.12,0.1,0.1
908,3,14,15,16,0,0,0,0,0,0,0,1,1,1,1,0.1,0.1,0.1
909,3,14,15,16,0,0,0,0,0,0,0,0,0,0,0,0.1,0.1,0.1
910,3,14,15,16,0,0,0,0,0,0,0,0,0,0,0,0.1,0.1,0.1
911,3,14,15,16,0,0,0,0,0,0,0,0,0,0,0,0.1,0.1,0.1
912,3,14,15,16,0,0,0,0,0,0,0,0,0,0,0,0.1,0.1,0.1
913,3,4.78,15,16,-1,0,0,0,-1,-1,-1,0,0,0,0,0.1,0.1,0.1
914,3,14,15,16,0,0,0,0,0,0,0,0,0,0,0,0.1,0.1,0.1
915,3,4.79,15,16,-1,0,0,0,-1,-1,-1,0,0,0,0,0.7,0.1,0.1
916,3,2.13,4.52,16,-1,-1,0,0,-1,-2,-2,0,0,0,0,0.2,0.2,0.1
917,3,14,15,16,0,0,0,0,0,0,0,0,0,0,0,0.1,0.1,0.1
918,3,14,15,16,0,0,0,0,0,0,0,0,0,0,0,0.1,0.1,0.1
919,3,14,15,16,0,0,0,0,0,0,0,0,0,0,0,0.1,0.1,0.1
920,3,4.88,15,16,-1,0,0,0,-1,-1,-1,0,0,0,0,0.36,0.1,0.1
921,3,14,15,16,0,0,0,0,0,0,0,0,0,0,0,0.1,0.1,0.1
922,3,14,15,16,0,0,0,0,0,0,0,0,0,0,0,0.1,0.1,0.1
923,3,14,15,16,0,0,0,0,0,0,0,0,0,0,0,0.1,0.1,0.1
924,3,14,15,16,0,0,0,0,0,0,0,0,0,0,0,0.1,0.1,0.1
925,3,3.08,15,16,1,0,0,0,0,0,0,1,0,0,0,0.1,0.1,0.1
926,3,14,15,16,0,0,0,0,0,0,0,0,0,0,0,0.1,0.1,0.1
927,3,14,15,16,0,0,0,0,0,0,0,1,1,1,1,0.1,0.1,0.1
928,3,14,15,16,0,0,0,0,0,0,0,0,0,0,0,0.1,0.1,0.1
929,3,14,15,16,0,0,0,0,0,0,0,0,0,0,0,0.1,0.1,0.1
930,3,14,15,16,0,0,0,0,0,0,0,0,0,0,0,0.1,0.1,0.1
931,3,14,15,16,0,0,0,0,0,0,0,0,0,0,0,0.1,0.1,0.1
932,3,14,15,16,0,0,0,0,0,0,0,0,0,0,0,0.1,0.1,0.1
933,3,14,15,16,0,0,0,0,0,0,0,0,0,0,0,0.1,0.1,0.1
934,3,2.66,15,16,-1,0,0,0,-1,-1,-1,0,0,0,0,0.25,0.1,0.1
935,3,14,15,16,0,0,0,0,0,0,0,0,0,0,0,0.1,0.1,0.1
936,3,14,15,16,0,0,0,0,0,0,0,1,1,1,1,0.1,0.1,0.1
937,3,14,15,16,0,0,0,0,0,0,0,1,1,1,1,0.1,0.1,0.1
938,3,1.52,4.5,16,-1,-1,0,0,-1,-2,-2,0,0,0,0,0.6,1,0.1
939,3,14,15,16,0,0,0,0,0,0,0,0,0,0,0,0.1,0.1,0.1
940,3,14,15,16,0,0,0,0,0,0,0,0,0,0,0,0.1,0.1,0.1
941,3,4.38,15,16,-1,0,0,0,-1,-1,-1,0,0,0,0,0.1,0.1,0.1
942,3,14,15,16,0,0,0,0,0,0,0,0,0,0,0,0.1,0.1,0.1
943,3,14,15,16,0,0,0,0,0,0,0,0,0,0,0,0.1,0.1,0.1
944,3,14,15,16,0,0,0,0,0,0,0,0,0,0,0,0.1,0.1,0.1
945,3,14,15,16,0,0,0,0,0,0,0,0,0,0,0,0.1,0.1,0.1
946,3,14,15,16,0,0,0,0,0,0,0,0,0,0,0,0.1,0.1,0.1
947,3,14,15,16,0,0,0,0,0,0,0,0,0,0,0,0.1,0.1,0.1
948,3,14,15,16,0,0,0,0,0,0,0,1,1,1,1,0.1,0.1,0.1
949,3,14,15,16,0,0,0,0,0,0,0,0,0,0,0,0.1,0.1,0.1
950,3,3.22,15,16,-1,0,0,0,-1,-1,-1,0,0,0,0,0.25,0.1,0.1
951,3,14,15,16,0,0,0,0,0,0,0,0,0,0,0,0.1,0.1,0.1
952,3,14,15,16,0,0,0,0,0,0,0,0,0,0,0,0.1,0.1,0.1
953,3,14,15,16,0,0,0,0,0,0,0,1,1,1,1,0.1,0.1,0.1
954,3,14,15,16,0,0,0,0,0,0,0,0,0,0,0,0.1,0.1,0.1
955,3,14,15,16,0,0,0,0,0,0,0,0,0,0,0,0.1,0.1,0.1
956,3,3.28,15,16,-1,0,0,0,-1,-1,-1,0,0,0,0,0.35,0.1,0.1
957,3,14,15,16,0,0,0,0,0,0,0,0,0,0,0,0.1,0.1,0.1
958,3,14,15,16,0,0,0,0,0,0,0,0,0,0,0,0.1,0.1,0.1
959,3,14,15,16,0,0,0,0,0,0,0,0,0,0,0,0.1,0.1,0.1
960,3,14,15,16,0,0,0,0,0,0,0,0,0,0,0,0.1,0.1,0.1
961,3,14,15,16,0,0,0,0,0,0,0,0,0,0,0,0.1,0.1,0.1
962,3,14,15,16,0,0,0,0,0,0,0,0,0,0,0,0.1,0.1,0.1
963,3,14,15,16,0,0,0,0,0,0,0,1,1,1,1,0.1,0.1,0.1
964,3,2.6,15,16,-1,0,0,0,-1,-1,-1,0,0,0,0,0.2,0.1,0.1
965,3,14,15,16,0,0,0,0,0,0,0,0,0,0,0,0.1,0.1,0.1
966,3,14,15,16,0,0,0,0,0,0,0,0,0,0,0,0.1,0.1,0.1
967,3,14,15,16,0,0,0,0,0,0,0,1,1,1,1,0.1,0.1,0.1
968,3,14,15,16,0,0,0,0,0,0,0,0,0,0,0,0.1,0.1,0.1
969,3,14,15,16,0,0,0,0,0,0,0,0,0,0,0,0.1,0.1,0.1
970,3,14,15,16,0,0,0,0,0,0,0,0,0,0,0,0.1,0.1,0.1
971,3,14,15,16,0,0,0,0,0,0,0,0,0,0,0,0.1,0.1,0.1
972,3,4.78,15,16,-1,0,0,0,-1,-1,-1,0,0,0,0,0.1,0.1,0.1
973,3,1.12,3.36,16,-1,-1,0,0,-1,-2,-2,0,0,0,0,0.2,0.2,0.1
974,3,4.37,15,16,-1,0,0,0,-1,-1,-1,0,0,0,0,0.1,0.1,0.1
975,3,14,15,16,0,0,0,0,0,0,0,0,0,0,0,0.1,0.1,0.1
976,3,14,15,16,0,0,0,0,0,0,0,0,0,0,0,0.1,0.1,0.1
977,3,14,15,16,0,0,0,0,0,0,0,0,0,0,0,0.1,0.1,0.1
978,3,14,15,16,0,0,0,0,0,0,0,0,0,0,0,0.1,0.1,0.1
979,3,14,15,16,0,0,0,0,0,0,0,0,0,0,0,0.1,0.1,0.1
980,3,14,15,16,0,0,0,0,0,0,0,1,1,1,1,0.1,0.1,0.1
981,3,14,15,16,0,0,0,0,0,0,0,0,0,0,0,0.1,0.1,0.1
982,3,14,15,16,0,0,0,0,0,0,0,0,0,0,0,0.1,0.1,0.1
983,3,14,15,16,0,0,0,0,0,0,0,0,0,0,0,0.1,0.1,0.1
984,3,14,15,16,0,0,0,0,0,0,0,0,0,0,0,0.1,0.1,0.1
985,3,14,15,16,0,0,0,0,0,0,0,0,0,0,0,0.1,0.1,0.1
986,3,14,15,16,0,0,0,0,0,0,0,0,0,0,0,0.1,0.1,0.1
987,3,14,15,16,0,0,0,0,0,0,0,0,0,0,0,0.1,0.1,0.1
988,3,14,15,16,0,0,0,0,0,0,0,0,0,0,0,0.1,0.1,0.1
989,3,14,15,16,0,0,0,0,0,0,0,0,0,0,0,0.1,0.1,0.1
990,3,14,15,16,0,0,0,0,0,0,0,0,0,0,0,0.1,0.1,0.1
991,3,14,15,16,0,0,0,0,0,0,0,0,0,0,0,0.1,0.1,0.1
992,3,14,15,16,0,0,0,0,0,0,0,0,0,0,0,0.1,0.1,0.1
993,3,14,15,16,0,0,0,0,0,0,0,0,0,0,0,0.1,0.1,0.1
994,3,14,15,16,0,0,0,0,0,0,0,0,0,0,0,0.1,0.1,0.1
995,3,14,15,16,0,0,0,0,0,0,0,0,0,0,0,0.1,0.1,0.1
996,3,14,15,16,0,0,0,0,0,0,0,0,0,0,0,0.1,0.1,0.1
997,3,14,15,16,0,0,0,0,0,0,0,0,0,0,0,0.1,0.1,0.1
998,3,14,15,16,0,0,0,0,0,0,0,0,0,0,0,0.1,0.1,0.1
999,3,14,15,16,0,0,0,0,0,0,0,0,0,0,0,0.1,0.1,0.1
1000,3,14,15,16,0,0,0,0,0,0,0,0,0,0,0,0.1,0.1,0.1
1001,3,14,15,16,0,0,0,0,0,0,0,0,0,0,0,0.1,0.1,0.1
1002,3,4.97,15,16,-1,0,0,0,-1,-1,-1,0,0,0,0,0.2,0.1,0.1
1003,3,14,15,16,0,0,0,0,0,0,0,0,0,0,0,0.1,0.1,0.1
1004,3,14,15,16,0,0,0,0,0,0,0,0,0,0,0,0.1,0.1,0.1
1005,3,14,15,16,0,0,0,0,0,0,0,0,0,0,0,0.1,0.1,0.1
1006,3,14,15,16,0,0,0,0,0,0,0,0,0,0,0,0.1,0.1,0.1
1007,3,14,15,16,0,0,0,0,0,0,0,0,0,0,0,0.1,0.1,0.1
1008,3,14,15,16,0,0,0,0,0,0,0,1,1,1,1,0.1,0.1,0.1
1009,3,14,15,16,0,0,0,0,0,0,0,0,0,0,0,0.1,0.1,0.1
1010,3,4.58,15,16,-1,0,0,0,-1,-1,-1,0,0,0,0,0.36,0.1,0.1
1011,3,14,15,16,0,0,0,0,0,0,0,0,0,0,0,0.1,0.1,0.1
1012,3,14,15,16,0,0,0,0,0,0,0,0,0,0,0,0.1,0.1,0.1
1013,3,1.2,4.69,16,-1,-1,0,0,-1,-2,-2,1,1,1,1,0.3,0.4,0.1
1014,3,4.58,15,16,-1,0,0,0,-1,-1,-1,0,0,0,0,0.1,0.1,0.1
1015,3,14,15,16,0,0,0,0,0,0,0,0,0,0,0,0.1,0.1,0.1
1016,3,3.07,4.35,16,-1,-1,0,0,-1,-2,-2,0,0,0,0,0.34,0.34,0.1
1017,3,14,15,16,0,0,0,0,0,0,0,0,0,0,0,0.1,0.1,0.1
1018,3,14,15,16,0,0,0,0,0,0,0,0,0,0,0,0.1,0.1,0.1
1019,3,14,15,16,0,0,0,0,0,0,0,0,0,0,0,0.1,0.1,0.1
1020,3,14,15,16,0,0,0,0,0,0,0,0,0,0,0,0.1,0.1,0.1
1021,3,14,15,16,0,0,0,0,0,0,0,0,0,0,0,0.1,0.1,0.1
1022,3,14,15,16,0,0,0,0,0,0,0,0,0,0,0,0.1,0.1,0.1
1023,3,14,15,16,0,0,0,0,0,0,0,0,0,0,0,0.1,0.1,0.1
1024,3,14,15,16,0,0,0,0,0,0,0,0,0,0,0,0.1,0.1,0.1
1025,3,14,15,16,0,0,0,0,0,0,0,0,0,0,0,0.1,0.1,0.1
1026,3,14,15,16,0,0,0,0,0,0,0,0,0,0,0,0.1,0.1,0.1
